district,community,primary_water_source,water_scarcity,scarcity_months,perceived_water_source,belief_underground_rivers,belief_groundwater_exhausted,belief_groundwater_replenished,belief_recharge_detectable,rwh_practice,rwh_barrier,rwh_use,belief_rwh_recharge,belief_rwh_expensive,belief_rwh_unreliable,recharge_solutions,rwh_support_needed
Chikwawa,Wilson ,borehole,Yes,"October, November, December",Underground Storage,TRUE,FALSE,TRUE,Yes,No,Cannot afford storage materials,NA,TRUE,FALSE,FALSE,Planting more trees and practicing good farming technology.,"Training and demonstrations, Community by-laws or encouragement, Subsidies or financial assistance"
Chikwawa,Wilson ,borehole,Yes,"October, November",Underground Storage,TRUE,FALSE,TRUE,Yes,No,Lack of knowledge or training,NA,TRUE,TRUE,FALSE,By planting more trees and woodlots ,"Training and demonstrations, Community by-laws or encouragement"
Chikwawa,Wilson ,borehole,Yes,"October, November, December",Underground Storage,TRUE,FALSE,TRUE,Yes,No,Lack of knowledge or training,NA,TRUE,TRUE,FALSE,By planting more trees and practicing good farming technology ,"Training and demonstrations, Community by-laws or encouragement, Subsidies or financial assistance"
Chikwawa,Wilson ,borehole,Yes,"October, November, December",Underground Storage,TRUE,FALSE,TRUE,Yes,No,Do not know about the practice,NA,TRUE,TRUE,FALSE,By planting more trees and practicing good farming technology ,"Training and demonstrations, Community by-laws or encouragement"
Chikwawa,Wilson ,borehole,No,NA,Underground Storage,TRUE,FALSE,TRUE,Yes,No,Cannot afford storage materials,NA,TRUE,TRUE,FALSE,Planting more trees and practicing good farming technology ,"Training and demonstrations, Community by-laws or encouragement"
Chikwawa,Wilson ,borehole,Yes,"October, November, December",Underground Storage,TRUE,FALSE,TRUE,Yes,No,Do not know about the practice,NA,TRUE,TRUE,FALSE,By planting more trees and practicing good farming technology ,Community by-laws or encouragement
Chikwawa,Wilson ,borehole,Yes,"October, November, December",Underground Storage,TRUE,FALSE,TRUE,Yes,No,Do not know about the practice,NA,TRUE,TRUE,FALSE,By planting more trees and practicing good farming technology.,"Training and demonstrations, Community by-laws or encouragement, Subsidies or financial assistance"
Chikwawa,Wilson ,borehole,Yes,"October, November, December",Underground Storage,TRUE,FALSE,TRUE,Yes,No,Lack of knowledge or training,NA,TRUE,TRUE,FALSE,By planting more trees and practicing good farming technology.,"Training and demonstrations, Community by-laws or encouragement"
Chikwawa,Wilson ,borehole,Yes,"September, October, November, December",Underground Storage,TRUE,FALSE,TRUE,Yes,No,Cannot afford storage materials,NA,TRUE,TRUE,TRUE,By planting more trees and practicing good farming technology ,"Community by-laws or encouragement, Training and demonstrations"
Chikwawa,Wilson ,borehole,Yes,"October, November",Underground Storage,TRUE,FALSE,TRUE,Yes,No,Do not know about the practice,NA,TRUE,TRUE,FALSE,Planting more trees and protected the existing ones,Community by-laws or encouragement
Chikwawa,Wilson ,borehole,Yes,"October, November, December",Underground Storage,TRUE,FALSE,TRUE,Yes,No,Cannot afford storage materials,NA,TRUE,TRUE,FALSE,By protecting our trees ,"Training and demonstrations, Community by-laws or encouragement"
Chikwawa,Wilson ,borehole,Yes,"October, November, December",Underground Storage,TRUE,FALSE,TRUE,Yes,No,Do not know about the practice,NA,TRUE,TRUE,TRUE,By planting more trees ,"Training and demonstrations, Community by-laws or encouragement"
Chikwawa,Wilson ,borehole,No,NA,Underground Storage,TRUE,NA,NA,NA,No,Cannot afford storage materials,NA,Don't Know,Don't Know,Don't Know,No idea,None
Chikwawa,Wilson ,borehole,No,NA,Underground Storage,TRUE,FALSE,TRUE,Yes,No,Cannot afford storage materials,NA,TRUE,TRUE,FALSE,By planting more trees.,Community by-laws or encouragement
Chikwawa,Wilson ,borehole,No,NA,Underground Storage,TRUE,FALSE,TRUE,Yes,No,Cannot afford storage materials,NA,TRUE,TRUE,FALSE,By planting more trees and practicing good farming technology ,"Training and demonstrations, Community by-laws or encouragement"
Chikwawa,Wilson ,borehole,No,NA,Underground Storage,TRUE,TRUE,FALSE,Yes,No,Cannot afford storage materials,NA,TRUE,TRUE,FALSE,By planting more trees and practicing good farming technology ,"Community by-laws or encouragement, Training and demonstrations"
Chikwawa,Wilson ,borehole,Yes,"September, October, November",Underground Storage,TRUE,FALSE,TRUE,No,No,Lack of knowledge or training,NA,TRUE,FALSE,FALSE,By planting more trees and practicing good farming technology ,"Training and demonstrations, Community by-laws or encouragement"
Chikwawa,Wilson ,borehole,No,NA,Underground Storage,TRUE,FALSE,TRUE,Yes,No,Lack of knowledge or training,NA,TRUE,TRUE,FALSE,By planting more trees and practicing good farming technology.,"Training and demonstrations, Community by-laws or encouragement"
Chikwawa,Wilson ,borehole,No,NA,Don't Know,FALSE,NA,NA,NA,No,Do not know about the practice,NA,Don't Know,Don't Know,Don't Know,No idea ,Community by-laws or encouragement
Chikwawa,Wilson ,borehole,No,NA,Underground Storage,TRUE,TRUE,NA,Yes,No,Do not know about the practice,NA,Don't Know,Don't Know,Don't Know,Don't know ,None
Chikwawa,Wilson ,borehole,No,NA,Underground Storage,TRUE,FALSE,TRUE,Yes,No,Lack of knowledge or training,NA,TRUE,TRUE,FALSE,By planting more trees.,"Training and demonstrations, Community by-laws or encouragement"
Chikwawa,Wilson ,borehole,No,NA,Underground Storage,TRUE,FALSE,TRUE,Yes,Yes,NA,Drinking/Cooking,TRUE,TRUE,FALSE,By planting more woodlots and care the remaining trees,"Training and demonstrations, Community by-laws or encouragement, Subsidies or financial assistance"
Chikwawa,Wilson ,borehole,No,NA,Underground Storage,TRUE,FALSE,FALSE,Yes,Yes,NA,Washing/Cleaning,TRUE,FALSE,FALSE,By planting more trees and care the remaining ones,"Training and demonstrations, Community by-laws or encouragement, Subsidies or financial assistance"
Chikwawa,Wilson ,borehole,No,NA,Underground Storage,TRUE,FALSE,FALSE,No,Yes,NA,Washing/Cleaning,TRUE,TRUE,TRUE,By planting more trees and placticing good farming technology.,"Training and demonstrations, Community by-laws or encouragement"
Chikwawa,Kamala,borehole,Yes,"October, November",Underground Storage,FALSE,FALSE,TRUE,Yes,No,Lack of knowledge or training,NA,TRUE,TRUE,FALSE,By planting more trees and practicing good farming technology ,"Community by-laws or encouragement, Training and demonstrations"
Chikwawa,Rambiki ,borehole,No,NA,Underground Storage,TRUE,FALSE,TRUE,Yes,No,Cannot afford storage materials,NA,TRUE,FALSE,FALSE,By planting more trees and practicing good farming technology.,"Training and demonstrations, Community by-laws or encouragement"
Chikwawa,Rambiki ,borehole,No,NA,Underground Storage,TRUE,FALSE,TRUE,Yes,No,Negative perception/doesn’t seem worthwhile,NA,TRUE,FALSE,FALSE,By planting more trees and practicing good farming y,"Training and demonstrations, Subsidies or financial assistance, Community by-laws or encouragement"
Chikwawa,Rambiki ,borehole,No,NA,Underground Storage,TRUE,FALSE,TRUE,Yes,No,Lack of knowledge or training,NA,TRUE,FALSE,FALSE,By planting more trees and woodlots to protect our groundwater system.,Training and demonstrations
Chikwawa,Rambiki ,borehole,No,NA,Underground Storage,TRUE,FALSE,TRUE,Yes,No,Do not know about the practice,NA,TRUE,TRUE,TRUE,By planting more trees ,"Training and demonstrations, Community by-laws or encouragement"
Chikwawa,Rambiki ,borehole,No,NA,Underground Storage,TRUE,FALSE,TRUE,Yes,No,Lack of knowledge or training,NA,TRUE,TRUE,FALSE,By planting more vegetation.,"Training and demonstrations, Community by-laws or encouragement"
Chikwawa,Rambiki ,borehole,No,NA,Underground Storage,TRUE,FALSE,TRUE,Yes,No,Cannot afford storage materials,NA,TRUE,TRUE,FALSE,By planting more trees and woodlots in our area.,"Training and demonstrations, Subsidies or financial assistance, Community by-laws or encouragement"
Chikwawa,Rambiki ,borehole,No,NA,Don't Know,NA,NA,NA,NA,No,Do not know about the practice,NA,Don't Know,TRUE,Don't Know,Don't know anything.,Subsidies or financial assistance
Chikwawa,Rambiki ,borehole,Yes,"October, November, December, September",Underground Storage,TRUE,FALSE,TRUE,Yes,No,Cannot afford storage materials,NA,TRUE,TRUE,FALSE,By planting more trees and woodlots in our area.,"Training and demonstrations, Community by-laws or encouragement"
Chikwawa,Rambiki ,borehole,No,NA,Underground Storage,TRUE,FALSE,TRUE,Yes,No,Lack of knowledge or training,NA,NA,FALSE,FALSE,By planting more trees and woodlots to protect our groundwater system.,"Training and demonstrations, Community by-laws or encouragement"
Chikwawa,Rambiki ,borehole,No,NA,Underground Storage,TRUE,FALSE,TRUE,Yes,No,Do not know about the practice,NA,TRUE,TRUE,FALSE,By planting more trees and woodlots to protect our groundwater system.,"Subsidies or financial assistance, Training and demonstrations"
Chikwawa,Rambiki ,borehole,No,NA,Underground Storage,TRUE,FALSE,TRUE,Yes,No,Lack of knowledge or training,NA,TRUE,FALSE,FALSE,By planting more trees and woodlots to protect our groundwater system.,"Training and demonstrations, Subsidies or financial assistance"
Chikwawa,Rambiki ,borehole,No,NA,Underground Storage,TRUE,FALSE,TRUE,Yes,No,Do not know about the practice,NA,TRUE,TRUE,FALSE,By protecting the remaining trees.,"Training and demonstrations, Subsidies or financial assistance"
Chikwawa,Rambiki ,borehole,No,NA,Underground Storage,TRUE,FALSE,TRUE,Yes,No,Lack of knowledge or training,NA,TRUE,FALSE,FALSE,By planting more trees and woodlots to protect our groundwater system.,"Training and demonstrations, Subsidies or financial assistance"
Chikwawa,Rambiki ,borehole,No,NA,Underground Storage,TRUE,FALSE,TRUE,Yes,No,Do not know about the practice,NA,TRUE,TRUE,FALSE,By planting more trees and woodlots to protect our groundwater system.,"Training and demonstrations, Subsidies or financial assistance"
Chikwawa,Rambiki ,borehole,No,NA,Underground Storage,TRUE,FALSE,TRUE,Yes,No,Cannot afford storage materials,NA,TRUE,TRUE,FALSE,By planting more trees.,"Training and demonstrations, Subsidies or financial assistance"
Chikwawa,Rambiki ,borehole,No,NA,Underground Storage,TRUE,FALSE,TRUE,Yes,No,Lack of knowledge or training,NA,TRUE,TRUE,FALSE,By protecting the remaining natural resources.,"Training and demonstrations, Subsidies or financial assistance"
Balaka,Rambiki ,borehole,No,NA,Underground Storage,TRUE,TRUE,FALSE,Don't know,No,Cannot afford storage materials,NA,Don't Know,Don't Know,Don't Know,No comment.,None
Chikwawa,Rambiki ,borehole,No,NA,Don't Know,NA,NA,NA,NA,No,Do not know about the practice,NA,Don't Know,Don't Know,Don't Know,Know nothing.,Subsidies or financial assistance
Chikwawa,Rambiki ,borehole,No,NA,Underground Storage,TRUE,FALSE,TRUE,Yes,No,Cannot afford storage materials,NA,TRUE,TRUE,FALSE,By planting more trees and woodlots in the area.,"Training and demonstrations, Subsidies or financial assistance"
Chikwawa,Rambiki ,borehole,No,NA,Underground Storage,TRUE,FALSE,TRUE,Yes,No,Cannot afford storage materials,NA,TRUE,FALSE,FALSE,By protecting the remaining natural resources.,"Training and demonstrations, Subsidies or financial assistance"
Chikwawa,Rambiki ,borehole,No,NA,Underground Storage,TRUE,FALSE,TRUE,Yes,No,Cannot afford storage materials,NA,TRUE,TRUE,FALSE,By planting more trees ,"Training and demonstrations, Subsidies or financial assistance"
Chikwawa,Rambiki  ,borehole,No,NA,Underground Storage,TRUE,FALSE,TRUE,Yes,No,Lack of knowledge or training,NA,TRUE,FALSE,FALSE,By protecting the remaining natural resources.,"Training and demonstrations, Subsidies or financial assistance"
Chikwawa,Rambiki ,borehole,No,NA,Underground Storage,TRUE,FALSE,TRUE,Yes,No,Cannot afford storage materials,NA,TRUE,TRUE,FALSE,Planting trees ,"Training and demonstrations, Subsidies or financial assistance, Community by-laws or encouragement"
Chikwawa,Rambiki ,borehole,No,NA,Underground Storage,TRUE,FALSE,TRUE,Yes,No,Cannot afford storage materials,NA,TRUE,TRUE,FALSE,By protecting the remaining natural resources ,"Training and demonstrations, Subsidies or financial assistance"
Chikwawa,Rambiki ,borehole,No,NA,Underground Storage,TRUE,TRUE,TRUE,Yes,No,Lack of knowledge or training,NA,TRUE,TRUE,FALSE,By protecting the remaining natural resources ,"Training and demonstrations, Subsidies or financial assistance, Community by-laws or encouragement"
Chikwawa,Rambiki ,borehole,No,NA,Underground Storage,TRUE,FALSE,TRUE,Yes,No,Lack of knowledge or training,NA,TRUE,TRUE,FALSE,By protecting the remaining natural resources ,"Training and demonstrations, Subsidies or financial assistance, Community by-laws or encouragement"
Chikwawa,Rambiki ,borehole,No,NA,Underground Storage,TRUE,FALSE,TRUE,Yes,No,Lack of knowledge or training,NA,TRUE,FALSE,FALSE,By protecting the remaining natural resources in our areas.,"Training and demonstrations, Subsidies or financial assistance, Community by-laws or encouragement"
Chikwawa,Rambiki ,borehole,Yes,"September, October, November, December",Underground Storage,NA,FALSE,TRUE,Don't know,No,Lack of knowledge or training,NA,TRUE,FALSE,FALSE,By planting more trees.,"Training and demonstrations, Community by-laws or encouragement, Subsidies or financial assistance"
Chikwawa,Rambiki ,borehole,No,NA,Underground Storage,TRUE,FALSE,TRUE,Yes,No,Lack of knowledge or training,NA,TRUE,TRUE,FALSE,By protecting the remaining natural resources ,"Training and demonstrations, Subsidies or financial assistance, Community by-laws or encouragement"
Chikwawa,Rambiki ,borehole,No,NA,Underground Storage,TRUE,FALSE,TRUE,Yes,No,Lack of knowledge or training,NA,TRUE,FALSE,FALSE,By protecting the remaining natural resources ,"Training and demonstrations, Subsidies or financial assistance, Community by-laws or encouragement"
Chikwawa,Rambiki ,borehole,No,NA,Underground Storage,TRUE,FALSE,TRUE,Yes,No,Lack of knowledge or training,NA,TRUE,TRUE,Don't Know,By planting more trees ,"Training and demonstrations, Subsidies or financial assistance, Community by-laws or encouragement"
Chikwawa,Rambiki ,borehole,No,NA,Underground Storage,TRUE,FALSE,TRUE,Yes,No,Lack of knowledge or training,NA,TRUE,TRUE,FALSE,By protecting the remaining natural resources ,"Training and demonstrations, Subsidies or financial assistance, Community by-laws or encouragement"
Chikwawa,Rambiki ,borehole,No,NA,Underground Storage,TRUE,FALSE,TRUE,Yes,No,Lack of knowledge or training,NA,TRUE,TRUE,FALSE,By protecting the remaining natural resources ,"Training and demonstrations, Subsidies or financial assistance, Community by-laws or encouragement"
Chikwawa,Lore ,borehole,No,NA,Underground Storage,FALSE,FALSE,TRUE,Yes,No,Lack of knowledge or training,NA,TRUE,FALSE,FALSE,By planting more trees and practicing good farming technology.,"Training and demonstrations, Subsidies or financial assistance, Community by-laws or encouragement"
Chikwawa,Lore ,borehole,No,NA,Underground Storage,TRUE,FALSE,TRUE,Yes,No,Lack of knowledge or training,NA,TRUE,TRUE,FALSE,By planting more trees.,"Training and demonstrations, Community by-laws or encouragement, Subsidies or financial assistance"
Chikwawa,Lore ,borehole,No,NA,Underground Storage,TRUE,FALSE,TRUE,Yes,No,Lack of knowledge or training,NA,TRUE,FALSE,FALSE,Planting more trees and practicing good farming technology.,"Training and demonstrations, Subsidies or financial assistance, Community by-laws or encouragement"
Chikwawa,Lore ,borehole,No,NA,Underground Storage,TRUE,FALSE,TRUE,Yes,No,Lack of knowledge or training,NA,TRUE,TRUE,FALSE,By caring the remaining natural resources ,"Training and demonstrations, Subsidies or financial assistance, Community by-laws or encouragement"
Chikwawa,Lore ,borehole,No,NA,Underground Storage,TRUE,FALSE,TRUE,Yes,No,Lack of knowledge or training,NA,TRUE,FALSE,FALSE,By protecting the remaining natural resources ,"Training and demonstrations, Subsidies or financial assistance, Community by-laws or encouragement"
Chikwawa,Lore ,borehole,No,NA,Underground Storage,TRUE,FALSE,TRUE,Yes,No,Lack of knowledge or training,NA,TRUE,FALSE,FALSE,By planting more than ,"Training and demonstrations, Subsidies or financial assistance, Community by-laws or encouragement"
Chikwawa,Lore ,borehole,No,NA,Underground Storage,TRUE,NA,TRUE,Yes,No,Lack of knowledge or training,NA,TRUE,TRUE,FALSE,Planting trees and practicing good farming technology.,"Training and demonstrations, Subsidies or financial assistance"
Chikwawa,Lore ,borehole,Yes,"September, October, November",Underground Storage,TRUE,FALSE,TRUE,Yes,No,Lack of knowledge or training,NA,TRUE,FALSE,FALSE,By planting more trees ,"Training and demonstrations, Subsidies or financial assistance, Community by-laws or encouragement"
Chikwawa,Lore,borehole,No,NA,Underground Storage,TRUE,FALSE,TRUE,Yes,No,Lack of knowledge or training,NA,TRUE,FALSE,TRUE,By protecting the remaining natural resources.,"Training and demonstrations, Subsidies or financial assistance"
Chikwawa,Lore ,borehole,No,NA,Underground Storage,TRUE,FALSE,TRUE,Yes,No,Lack of knowledge or training,NA,TRUE,TRUE,FALSE,By protecting the remaining natural resources ,"Training and demonstrations, Subsidies or financial assistance, Community by-laws or encouragement"
Chikwawa,Lore ,borehole,No,NA,Underground Storage,TRUE,FALSE,TRUE,Yes,No,Lack of knowledge or training,NA,TRUE,TRUE,TRUE,Don't know ,Subsidies or financial assistance
Chikwawa,Lore ,borehole,No,NA,Underground Storage,TRUE,FALSE,TRUE,Yes,No,Lack of knowledge or training,NA,TRUE,TRUE,FALSE,By protecting the remaining natural resources ,"Training and demonstrations, Subsidies or financial assistance, Community by-laws or encouragement"
Chikwawa,Lore ,borehole,No,NA,Underground Storage,TRUE,FALSE,TRUE,Yes,No,Lack of knowledge or training,NA,TRUE,FALSE,FALSE,Rainwater harvesting ,"Subsidies or financial assistance, Community by-laws or encouragement, Training and demonstrations"
Balaka,Lore ,borehole,Yes,"October, November, December",Underground Storage,TRUE,TRUE,FALSE,Don't know,No,Do not know about the practice,NA,Don't Know,Don't Know,Don't Know,Don't know ,None
Chikwawa,Lore ,borehole,No,NA,Underground Storage,TRUE,FALSE,TRUE,Yes,No,Lack of knowledge or training,NA,TRUE,FALSE,FALSE,Planting more trees and woodlots ,"Subsidies or financial assistance, Community by-laws or encouragement, Training and demonstrations"
Chikwawa,Lore ,borehole,No,NA,Underground Storage,TRUE,FALSE,TRUE,Yes,No,Lack of knowledge or training,NA,TRUE,FALSE,FALSE,By adoption rainwater harvesting ,"Training and demonstrations, Subsidies or financial assistance"
Chikwawa,Lore ,borehole,No,NA,Underground Storage,TRUE,FALSE,TRUE,Yes,No,Lack of knowledge or training,NA,TRUE,FALSE,FALSE,By planting more trees and vegetation ,"Training and demonstrations, Subsidies or financial assistance, Community by-laws or encouragement"
Chikwawa,Lore ,borehole,No,NA,Underground Storage,TRUE,FALSE,TRUE,Yes,No,Lack of knowledge or training,NA,TRUE,Don't Know,FALSE,By planting more trees and vegetation ,"Training and demonstrations, Subsidies or financial assistance"
Chikwawa,Lore ,borehole,No,NA,Underground Storage,TRUE,FALSE,TRUE,Yes,No,Lack of knowledge or training,NA,TRUE,FALSE,FALSE,By planting more trees and vegetation.,"Training and demonstrations, Subsidies or financial assistance, Community by-laws or encouragement"
Chikwawa,Lore ,borehole,No,NA,Underground Storage,TRUE,FALSE,TRUE,Yes,No,Lack of knowledge or training,NA,TRUE,FALSE,FALSE,By planting and protecting the remaining natural resources.,"Training and demonstrations, Subsidies or financial assistance, Community by-laws or encouragement"
Chikwawa,Lore ,borehole,No,NA,Underground Storage,TRUE,FALSE,TRUE,Yes,No,Lack of knowledge or training,NA,TRUE,FALSE,FALSE,Planting more trees and vegetation ,"Training and demonstrations, Subsidies or financial assistance, Community by-laws or encouragement"
Chikwawa,Lore ,borehole,No,NA,Underground Storage,TRUE,FALSE,TRUE,Yes,No,Lack of knowledge or training,NA,TRUE,FALSE,FALSE,By planting more trees ,"Training and demonstrations, Community by-laws or encouragement, Subsidies or financial assistance"
Chikwawa,Lore ,borehole,No,NA,Underground Storage,TRUE,FALSE,TRUE,Yes,No,Lack of knowledge or training,NA,TRUE,TRUE,TRUE,By planting more trees and vegetation ,"Training and demonstrations, Subsidies or financial assistance, Community by-laws or encouragement"
Chikwawa,Lore ,borehole,No,NA,Underground Storage,TRUE,FALSE,TRUE,Yes,No,Lack of knowledge or training,NA,TRUE,TRUE,FALSE,By practicing rain water harvesting ,"Training and demonstrations, Subsidies or financial assistance, Community by-laws or encouragement"
Chikwawa,Lore ,borehole,No,NA,Underground Storage,TRUE,FALSE,TRUE,Yes,No,Lack of knowledge or training,NA,TRUE,TRUE,Don't Know,By planting more trees and vegetation on the ground ,"Training and demonstrations, Subsidies or financial assistance, Community by-laws or encouragement"
Chikwawa,Lore ,borehole,No,NA,Underground Storage,TRUE,FALSE,TRUE,Don't know,No,Lack of knowledge or training,NA,TRUE,TRUE,NA,By planting trees ,"Training and demonstrations, Subsidies or financial assistance, Community by-laws or encouragement"
Chikwawa,Lore ,borehole,No,NA,Underground Storage,TRUE,FALSE,TRUE,Yes,No,Lack of knowledge or training,NA,TRUE,TRUE,TRUE,By planting more trees and vegetation.,"Training and demonstrations, Subsidies or financial assistance, Community by-laws or encouragement"
Chikwawa,Lore ,borehole,No,NA,Underground Storage,TRUE,FALSE,TRUE,Yes,No,Lack of knowledge or training,NA,TRUE,TRUE,TRUE,By planting trees ,"Training and demonstrations, Subsidies or financial assistance"
Chikwawa,Lore ,borehole,No,NA,Underground Storage,TRUE,FALSE,TRUE,Yes,No,Lack of knowledge or training,NA,TRUE,FALSE,FALSE,By planting more trees and vegetation ,"Training and demonstrations, Subsidies or financial assistance"
Chikwawa,Lore ,borehole,Yes,"October, November, December",Underground Storage,TRUE,FALSE,TRUE,Yes,No,Lack of knowledge or training,NA,TRUE,TRUE,FALSE,Planting more trees and vegetation.,"Training and demonstrations, Subsidies or financial assistance, Community by-laws or encouragement"
Chikwawa,Lore ,borehole,No,NA,Underground Storage,TRUE,FALSE,TRUE,Yes,No,Lack of knowledge or training,NA,NA,TRUE,Don't Know,By planting trees and vegetation on bare ground.,"Training and demonstrations, Subsidies or financial assistance"
Chikwawa,Lore ,borehole,No,NA,Underground Storage,TRUE,FALSE,TRUE,Yes,No,Lack of knowledge or training,NA,TRUE,FALSE,FALSE,By planting more trees and vegetation on bare ground.,"Training and demonstrations, Subsidies or financial assistance"
Chikwawa,Lore ,borehole,No,NA,Underground Storage,TRUE,FALSE,TRUE,Yes,No,Lack of knowledge or training,NA,TRUE,TRUE,FALSE,By protecting the remaining natural resources ,"Training and demonstrations, Subsidies or financial assistance"
Chikwawa,Lore ,borehole,No,NA,Underground Storage,TRUE,FALSE,TRUE,Yes,No,Lack of knowledge or training,NA,TRUE,FALSE,TRUE,By planting more vegetation.,"Training and demonstrations, Subsidies or financial assistance"
Chikwawa,Lore ,borehole,No,NA,Underground Storage,TRUE,FALSE,TRUE,Yes,No,Lack of knowledge or training,NA,TRUE,FALSE,FALSE,By practice rain water harvesting.,"Training and demonstrations, Subsidies or financial assistance"
Chikwawa,Lore ,borehole,No,NA,Underground Storage,TRUE,FALSE,TRUE,Yes,No,Lack of knowledge or training,NA,TRUE,TRUE,TRUE,By protecting the remaining natural resources ,"Training and demonstrations, Subsidies or financial assistance"
Chikwawa,Lore ,borehole,No,NA,Underground Storage,TRUE,FALSE,TRUE,No,No,Lack of knowledge or training,NA,TRUE,FALSE,TRUE,By planting more trees ,"Training and demonstrations, Subsidies or financial assistance"
Chikwawa,Lore ,borehole,No,NA,Underground Storage,TRUE,FALSE,TRUE,Yes,No,Lack of knowledge or training,NA,TRUE,TRUE,FALSE,By practicing rainwater harvesting.,"Training and demonstrations, Subsidies or financial assistance"
Chikwawa,Lore ,borehole,No,NA,Underground Storage,TRUE,FALSE,TRUE,Yes,No,Lack of knowledge or training,NA,NA,FALSE,FALSE,By planting trees and vegetation on the ground.,"Training and demonstrations, Subsidies or financial assistance"
Chikwawa,Lore ,borehole,No,NA,Underground Storage,TRUE,FALSE,TRUE,Yes,No,Lack of knowledge or training,NA,TRUE,FALSE,Don't Know,By practicing rainwater harvesting.,"Training and demonstrations, Subsidies or financial assistance"
Chikwawa,Lore ,borehole,No,NA,Underground Storage,TRUE,FALSE,TRUE,Yes,No,Lack of knowledge or training,NA,TRUE,TRUE,FALSE,By doing rainwater harvesting ,"Training and demonstrations, Subsidies or financial assistance"
Chikwawa,Lore ,borehole,No,NA,Underground Storage,TRUE,FALSE,TRUE,Yes,No,Lack of knowledge or training,NA,TRUE,FALSE,FALSE,By planting trees and vegetation ,"Training and demonstrations, Subsidies or financial assistance"
Chikwawa,Lore ,borehole,Yes,"October, November",Underground Storage,TRUE,NA,NA,Don't know,No,Lack of knowledge or training,NA,Don't Know,Don't Know,Don't Know,No idea ,None
Chikwawa,Lore ,borehole,No,NA,Underground Storage,TRUE,FALSE,TRUE,Yes,No,Lack of knowledge or training,NA,TRUE,FALSE,TRUE,By protecting the remaining natural resources ,Subsidies or financial assistance
Chikwawa,Lore ,borehole,No,NA,Underground Storage,TRUE,FALSE,TRUE,Yes,No,Lack of knowledge or training,NA,TRUE,TRUE,FALSE,By practicing rainwater harvesting.,"Training and demonstrations, Subsidies or financial assistance"
Chikwawa,Lore,borehole,No,NA,Underground Storage,FALSE,FALSE,FALSE,Yes,No,Lack of knowledge or training,NA,TRUE,TRUE,FALSE,By protecting the remaining natural resources.,Subsidies or financial assistance
Chikwawa,Sigaleti,piped_tap,Yes,"September, October, November, December",NA,FALSE,FALSE,FALSE,NA,No,Do not know about the practice,NA,FALSE,FALSE,FALSE,People should continue praying to God inorder to have mercy.,Community by-laws or encouragement
Chikwawa,Namungu,borehole,Yes,"August, September, October, November, December",Underground Storage,FALSE,FALSE,FALSE,No,No,Lack of knowledge or training,NA,FALSE,FALSE,FALSE,People have to be trained on that,Training and demonstrations
Chikwawa,Nyamungu,borehole,Yes,"October, November, December",Underground Storage,NA,NA,TRUE,No,Yes,NA,Washing/Cleaning,FALSE,FALSE,FALSE,Planting trees in marginalized area will help ,Training and demonstrations
Chikwawa,Nyamungu ,borehole,Yes,"October, November, December",Underground Storage,TRUE,FALSE,FALSE,Yes,No,Do not know about the practice,NA,Don't Know,Don't Know,Don't Know,Encouraging community members to plant trees in large scale land,Training and demonstrations
Chikwawa,Nyamungu ,borehole,Yes,"November, October, December",Underground Storage,FALSE,FALSE,TRUE,Yes,No,Lack of knowledge or training,NA,Don't Know,Don't Know,Don't Know,Through afforestation ,Training and demonstrations
Chikwawa,Nyamungu ,borehole,Yes,"October, November, December",Underground Storage,TRUE,TRUE,TRUE,Yes,Yes,NA,Washing/Cleaning,FALSE,FALSE,FALSE,Through construction of check dams and making swales ,Community by-laws or encouragement
Chikwawa,Nyamungu ,borehole,No,NA,Underground Storage,NA,FALSE,FALSE,Don't know,No,Do not know about the practice,NA,Don't Know,Don't Know,Don't Know,By Afforestation ,Training and demonstrations
Chikwawa,Chikaoneka,borehole,No,NA,Underground Storage,TRUE,TRUE,FALSE,Yes,Yes,NA,Washing/Cleaning,FALSE,FALSE,FALSE,By stopping cutting down trees carelessly ,Training and demonstrations
Chikwawa,Chikaoneka ,borehole,No,NA,Underground Storage,TRUE,TRUE,TRUE,Yes,Yes,NA,Washing/Cleaning,Don't Know,FALSE,FALSE, Re-afforestation may help to reduce run-off ,"Training and demonstrations, Community by-laws or encouragement"
Chikwawa,Chikaoneka ,borehole,No,NA,Underground Storage,NA,NA,TRUE,Yes,Yes,NA,Washing/Cleaning,Don't Know,FALSE,FALSE,By putting laws restricting people not to cut down trees ,Community by-laws or encouragement
Balaka,Phalula 1,borehole,Yes,"October, September",Rain,TRUE,FALSE,TRUE,NA,Yes,NA,Washing/Cleaning,TRUE,FALSE,FALSE,Planting trees surrounding the water catchment ,Training and demonstrations
Balaka,Phalula 1,borehole,No,NA,Underground Storage,FALSE,TRUE,FALSE,Yes,Yes,NA,Washing/Cleaning,Don't Know,TRUE,TRUE,Diging a houshold shallow well,"Training and demonstrations, Subsidies or financial assistance, Labour support, Community by-laws or encouragement"
Balaka,Phalula 1,borehole,Yes,"September, October",Rain,TRUE,TRUE,TRUE,NA,Yes,NA,Washing/Cleaning,TRUE,FALSE,FALSE,Yes by planting trees,"Training and demonstrations, Subsidies or financial assistance"
Balaka,Phalula 1,borehole,No,NA,Underground Storage,FALSE,TRUE,FALSE,No,No,Lack of knowledge or training,NA,Don't Know,TRUE,TRUE,Planting trees to store water ,Training and demonstrations
Balaka,Phalula 1,borehole,No,NA,Underground Storage,FALSE,NA,NA,No,No,Cannot afford storage materials,NA,FALSE,FALSE,TRUE,NA,Community by-laws or encouragement
Balaka,Phalula 1,borehole,Yes,"October, September",Underground Storage,TRUE,FALSE,TRUE,Yes,Yes,NA,Irrigation/Gardening,TRUE,FALSE,FALSE,Yes by planting  trees because water is life,"Training and demonstrations, Subsidies or financial assistance"
Balaka,Phalula 1,borehole,No,NA,Underground Storage,FALSE,TRUE,NA,No,No,Believe rainfall is too unreliable,NA,Don't Know,TRUE,TRUE,Don't know,Training and demonstrations
Balaka,Phalula 1,borehole,Yes,"October, September",Underground Storage,TRUE,TRUE,TRUE,Yes,Yes,NA,Washing/Cleaning,TRUE,FALSE,FALSE,"Yes by practising good farming ,methords that allowas water to infiltrate into the ground","Community by-laws or encouragement, Subsidies or financial assistance, Training and demonstrations"
Balaka,Phalula 1,borehole,No,NA,Underground Storage,NA,TRUE,TRUE,Yes,No,Cannot afford storage materials,NA,FALSE,TRUE,TRUE,Planting trees,Training and demonstrations
Balaka,Phalula 1,borehole,No,NA,Underground Storage,FALSE,TRUE,NA,Don't know,No,Lack of land or space,NA,FALSE,TRUE,TRUE,I don't know,Training and demonstrations
Balaka,Phalula 1,borehole,Yes,"November, October, September",Rain,TRUE,FALSE,TRUE,NA,No,Labour/time required is too much,NA,TRUE,TRUE,FALSE,By planting trees,"Training and demonstrations, Subsidies or financial assistance"
Balaka,Phalula 1,borehole,No,NA,Underground Storage,FALSE,TRUE,FALSE,Don't know,No,Labour/time required is too much,NA,Don't Know,TRUE,Don't Know,Don't know,Training and demonstrations
Balaka,Phalula 1,borehole,Yes,"November, October",Underground Storage,TRUE,TRUE,TRUE,Yes,Yes,NA,Washing/Cleaning,TRUE,FALSE,FALSE,Planting trees and moden farming,"Training and demonstrations, Subsidies or financial assistance"
Balaka,Phalula 1,borehole,No,NA,God ,NA,TRUE,FALSE,NA,No,Cannot afford storage materials,NA,FALSE,FALSE,FALSE,Don't know,Labour support
Balaka,Phalula 1,borehole,Yes,"September, October",Underground Storage,TRUE,FALSE,TRUE,Yes,Yes,NA,Washing/Cleaning,TRUE,FALSE,FALSE,Planting vertiva and prlacticing moden farming,"Training and demonstrations, Subsidies or financial assistance"
Balaka,Phalula 1,borehole,Yes,"October, September",Underground Storage,TRUE,FALSE,TRUE,Yes,Yes,NA,Washing/Cleaning,TRUE,FALSE,FALSE,Yes by practicing modern farming ,"Training and demonstrations, Subsidies or financial assistance"
Balaka,Phalula 1,borehole,Yes,"September, October",Underground Storage,TRUE,FALSE,TRUE,Yes,Yes,NA,Washing/Cleaning,TRUE,FALSE,FALSE,Placticing modern farming methods ,"Training and demonstrations, Subsidies or financial assistance"
Balaka,Phalula 1,borehole,Yes,"October, November",Underground Storage,TRUE,FALSE,TRUE,Yes,Yes,NA,Washing/Cleaning,TRUE,FALSE,FALSE,Planting tree,"Training and demonstrations, Subsidies or financial assistance"
Balaka,Chigona ,borehole,Yes,"October, November",Underground Storage,TRUE,FALSE,FALSE,Don't know,No,Lack of knowledge or training,NA,TRUE,TRUE,TRUE,None,Training and demonstrations
Balaka,Chigona ,borehole,Yes,"October, November",Underground Storage,TRUE,FALSE,TRUE,Yes,No,Lack of knowledge or training,NA,TRUE,Don't Know,FALSE,Yes by planting trees,"Training and demonstrations, Subsidies or financial assistance"
Balaka,Chigona ,borehole,Yes,"October, November",Underground Storage,TRUE,FALSE,NA,No,No,Labour/time required is too much,NA,TRUE,Don't Know,FALSE,None,Labour support
Balaka,Chigona ,borehole,Yes,"October, September",Underground Storage,TRUE,FALSE,TRUE,Yes,Yes,NA,Washing/Cleaning,TRUE,FALSE,FALSE,Practicing good farming methods ,"Training and demonstrations, Subsidies or financial assistance"
Balaka,Chigona ,borehole,Yes,"August, September, October, November",Underground Storage,TRUE,FALSE,FALSE,No,Yes,NA,Irrigation/Gardening,TRUE,TRUE,TRUE,None,Community by-laws or encouragement
Balaka,Chigona ,borehole,Yes,"October, September, November",Underground Storage,TRUE,FALSE,TRUE,Yes,Yes,NA,Washing/Cleaning,TRUE,FALSE,FALSE,Planing trees and constructing swale,"Training and demonstrations, Subsidies or financial assistance"
Balaka,Chigona ,borehole,Yes,"September, October, November",Underground Storage,TRUE,TRUE,TRUE,Yes,Yes,NA,Washing/Cleaning,TRUE,FALSE,FALSE,Practicing good farming methods,"Training and demonstrations, Subsidies or financial assistance"
Balaka,Chigona ,borehole,Yes,"September, October, November",Underground Storage,TRUE,FALSE,TRUE,Yes,Yes,NA,Irrigation/Gardening,Don't Know,TRUE,TRUE,Rainfall,None
Balaka,Chigona ,borehole,Yes,"October, November",Underground Storage,TRUE,FALSE,TRUE,Yes,Yes,NA,Washing/Cleaning,TRUE,FALSE,FALSE,Planting trees and modern farming merthods,"Training and demonstrations, Subsidies or financial assistance"
Balaka,Chigona ,borehole,Yes,October,Underground Storage,TRUE,TRUE,FALSE,Yes,Yes,NA,Washing/Cleaning,Don't Know,Don't Know,Don't Know,Planting trees,"Subsidies or financial assistance, Community by-laws or encouragement"
Balaka,Chigona ,borehole,Yes,November,Underground Storage,FALSE,FALSE,FALSE,Don't know,Yes,NA,Irrigation/Gardening,FALSE,FALSE,FALSE,Planting trees,"Labour support, Community by-laws or encouragement"
Balaka,Chigona ,borehole,Yes,"October, November",Underground Storage,TRUE,FALSE,TRUE,Yes,Yes,NA,Washing/Cleaning,TRUE,FALSE,FALSE,Planting trees,"Training and demonstrations, Subsidies or financial assistance"
Balaka,Chigona ,borehole,Yes,November,Underground Storage,NA,NA,NA,Don't know,No,Cannot afford storage materials,NA,Don't Know,TRUE,Don't Know,Planting trees,"Training and demonstrations, Subsidies or financial assistance, Labour support"
Balaka,Chigona ,borehole,Yes,"September, October",Underground Storage,TRUE,TRUE,TRUE,Yes,Yes,NA,Washing/Cleaning,TRUE,FALSE,TRUE,Planting vertiva grass,"Training and demonstrations, Subsidies or financial assistance"
Balaka,Chigona ,borehole,Yes,"October, November",Underground Storage,TRUE,FALSE,TRUE,Yes,Yes,NA,Washing/Cleaning,TRUE,FALSE,FALSE,Planting trees ,"Training and demonstrations, Subsidies or financial assistance"
Balaka,Chigona ,borehole,Yes,"August, September, October",Underground Storage,TRUE,FALSE,TRUE,Yes,Yes,NA,Washing/Cleaning,TRUE,FALSE,FALSE,Planting trees ,"Training and demonstrations, Subsidies or financial assistance"
Balaka,Chigona ,borehole,Yes,"September, October",Underground Storage,NA,TRUE,NA,Don't know,Yes,NA,Washing/Cleaning,Don't Know,TRUE,TRUE,Planting trees,"Training and demonstrations, Community by-laws or encouragement"
Balaka,Chigona ,borehole,Yes,"September, October",Underground Storage,TRUE,FALSE,TRUE,Yes,Yes,NA,Irrigation/Gardening,TRUE,FALSE,FALSE,Planting trees ,"Training and demonstrations, Subsidies or financial assistance, Labour support"
Balaka,Chigona ,borehole,Yes,"October, November",Underground Storage,TRUE,FALSE,TRUE,Yes,Yes,NA,Irrigation/Gardening,TRUE,FALSE,FALSE,Planting trees ,"Training and demonstrations, Subsidies or financial assistance, Labour support"
Balaka,Phalula,borehole,Yes,"November, October",Underground Storage,TRUE,FALSE,TRUE,Yes,Yes,NA,Washing/Cleaning,TRUE,FALSE,FALSE,Planting trees ,"Training and demonstrations, Subsidies or financial assistance"
Balaka,Phalula 1,borehole,No,NA,Underground Storage,FALSE,NA,TRUE,Yes,Yes,NA,Washing/Cleaning,TRUE,TRUE,TRUE,Planting trees ,"Subsidies or financial assistance, Labour support"
Balaka,Phalula,borehole,Yes,"September, October",Underground Storage,TRUE,FALSE,TRUE,Yes,Yes,NA,Irrigation/Gardening,TRUE,FALSE,FALSE,Planting trees ,"Training and demonstrations, Subsidies or financial assistance"
Balaka,Phalula 1,borehole,No,NA,Underground Storage,FALSE,TRUE,NA,Don't know,Yes,NA,Washing/Cleaning,FALSE,TRUE,TRUE,Don't know,Training and demonstrations
Balaka,Phalula,borehole,Yes,"November, October",Underground Storage,TRUE,FALSE,TRUE,Yes,Yes,NA,Irrigation/Gardening,TRUE,FALSE,TRUE,Plating vertiva ,"Training and demonstrations, Subsidies or financial assistance"
Balaka,Phalula 1,borehole,Yes,November,Rain,FALSE,TRUE,NA,NA,Yes,NA,Irrigation/Gardening,TRUE,TRUE,TRUE,Planting more trees to capture water,"Subsidies or financial assistance, Labour support, Community by-laws or encouragement, Training and demonstrations"
Balaka,Phalula,borehole,Yes,"November, October",Underground Storage,TRUE,FALSE,TRUE,Yes,Yes,NA,Irrigation/Gardening,TRUE,FALSE,FALSE,Planting trees and practicing modern farming,"Training and demonstrations, Subsidies or financial assistance"
Balaka,Phalula 1,borehole,Yes,"October, November",Underground Storage,FALSE,TRUE,NA,Don't know,No,Lack of land or space,NA,FALSE,TRUE,TRUE,Practice swallows in the farms,Training and demonstrations
Balaka,Phalula,borehole,No,NA,Underground Storage,TRUE,FALSE,TRUE,No,Yes,NA,Washing/Cleaning,TRUE,FALSE,TRUE,Planting trees to reduces evaporation rate,"Training and demonstrations, Subsidies or financial assistance"
Balaka,Phalula,borehole,No,NA,Underground Storage,TRUE,FALSE,TRUE,Yes,Yes,NA,Irrigation/Gardening,TRUE,FALSE,FALSE,Planting trees ,"Training and demonstrations, Subsidies or financial assistance"
Balaka,Phalula ,borehole,No,NA,Underground Storage,TRUE,FALSE,TRUE,Yes,Yes,NA,Irrigation/Gardening,TRUE,FALSE,FALSE,Planting trees ,"Training and demonstrations, Subsidies or financial assistance"
Balaka,Chinzungu,borehole,No,NA,Underground Storage,NA,FALSE,TRUE,Yes,No,Cannot afford storage materials,NA,TRUE,FALSE,FALSE,NA,Labour support
Balaka,Phalula,borehole,No,NA,Underground Storage,TRUE,FALSE,TRUE,Yes,Yes,NA,Washing/Cleaning,TRUE,FALSE,FALSE,Constructing swale and checkdams,"Training and demonstrations, Subsidies or financial assistance"
Balaka,Chizungu ,borehole,No,NA,Underground Storage,NA,TRUE,NA,Don't know,Yes,NA,Washing/Cleaning,TRUE,TRUE,TRUE,Don't know,"Training and demonstrations, Subsidies or financial assistance, Community by-laws or encouragement, Labour support"
Balaka,Phalula,borehole,No,NA,Underground Storage,TRUE,FALSE,TRUE,Yes,Yes,NA,Washing/Cleaning,TRUE,FALSE,TRUE,Planting trees and vertiva grass,"Training and demonstrations, Subsidies or financial assistance"
Balaka,Phalula,borehole,No,NA,Underground Storage,TRUE,TRUE,TRUE,Yes,Yes,NA,Washing/Cleaning,TRUE,FALSE,FALSE,Planting more tree,"Training and demonstrations, Subsidies or financial assistance"
Balaka,Mzongo ,borehole,No,NA,Underground Storage,FALSE,FALSE,FALSE,NA,No,Cannot afford storage materials,NA,Don't Know,TRUE,TRUE,Planting trees,Training and demonstrations
Balaka,Phalula,borehole,Yes,"November, October",Underground Storage,TRUE,FALSE,TRUE,Yes,Yes,NA,Washing/Cleaning,TRUE,FALSE,FALSE,Morden farming and planting tress,"Training and demonstrations, Subsidies or financial assistance"
Balaka,Mzongo Village,borehole,No,NA,Underground Storage,TRUE,FALSE,FALSE,Don't know,No,Do not know about the practice,NA,FALSE,Don't Know,TRUE,NA,"Subsidies or financial assistance, Labour support"
Balaka,Mzongo Village,borehole,No,NA,God ,FALSE,NA,NA,NA,No,Cannot afford storage materials,NA,FALSE,TRUE,TRUE,Practicing improved farming,Training and demonstrations
Balaka,Phalula,borehole,Yes,"October, September",Underground Storage,TRUE,FALSE,TRUE,Yes,Yes,NA,Irrigation/Gardening,TRUE,FALSE,FALSE,Planting trees ,"Training and demonstrations, Subsidies or financial assistance"
Balaka,Mzongo Village ,borehole,No,NA,Underground Storage,FALSE,NA,FALSE,No,No,Lack of knowledge or training,NA,TRUE,TRUE,TRUE,Rivers,Community by-laws or encouragement
Balaka,Chinzongo,borehole,Yes,"September, October, November",Underground Storage,TRUE,TRUE,TRUE,Yes,No,Believe rainfall is too unreliable,NA,TRUE,FALSE,TRUE,NA,"Training and demonstrations, Subsidies or financial assistance, Labour support, Community by-laws or encouragement"
Balaka,Kunyalani,borehole,Yes,"November, October, September, August",Rain,TRUE,FALSE,TRUE,NA,Yes,NA,Washing/Cleaning,TRUE,FALSE,FALSE,Planting trees ,"Training and demonstrations, Subsidies or financial assistance"
Balaka,Chinzongo,borehole,Yes,"September, November",Underground Storage,TRUE,FALSE,FALSE,No,Yes,NA,Washing/Cleaning,Don't Know,TRUE,FALSE,NA,Training and demonstrations
Balaka,Kunyalani,borehole,Yes,"November, October, September",Underground Storage,TRUE,FALSE,TRUE,Yes,Yes,NA,Irrigation/Gardening,TRUE,FALSE,FALSE,Planting trees ,"Training and demonstrations, Subsidies or financial assistance"
Balaka,Chinzongo,borehole,No,NA,Underground Storage,TRUE,TRUE,TRUE,Don't know,No,Negative perception/doesn’t seem worthwhile,NA,FALSE,FALSE,TRUE,NA,"Training and demonstrations, Subsidies or financial assistance, Community by-laws or encouragement"
Balaka,Njira yagoma,borehole,Yes,"October, November",Underground Storage,NA,TRUE,TRUE,Yes,No,Cannot afford storage materials,NA,TRUE,TRUE,TRUE,NA,"Training and demonstrations, Subsidies or financial assistance, Labour support"
Balaka,Njira yagoma,borehole,Yes,"August, September, October, November",Underground Storage,NA,TRUE,FALSE,Yes,Yes,NA,Washing/Cleaning,Don't Know,TRUE,TRUE,Planting trees,"Training and demonstrations, Community by-laws or encouragement"
Balaka,Njira Yagoma,borehole,No,NA,Underground Storage,FALSE,TRUE,FALSE,No,No,Lack of knowledge or training,NA,TRUE,Don't Know,TRUE,Making swallows,Subsidies or financial assistance
Balaka,Nairayagoma,borehole,Yes,"October, September, November",Underground Storage,TRUE,FALSE,TRUE,Yes,Yes,NA,Washing/Cleaning,TRUE,FALSE,FALSE,Planting trees ,"Training and demonstrations, Subsidies or financial assistance"
Balaka,Njira yagoma,borehole,Yes,"August, September, October, November",Underground Storage,FALSE,FALSE,NA,Yes,No,Do not know about the practice,NA,Don't Know,Don't Know,TRUE,Planting trees,"Community by-laws or encouragement, Training and demonstrations"
Balaka,Njirayagoma,borehole,No,NA,Underground Storage,TRUE,FALSE,TRUE,Yes,Yes,NA,Washing/Cleaning,TRUE,TRUE,FALSE,Modern farming and planting trees ,"Training and demonstrations, Subsidies or financial assistance"
Balaka,Njira yagoma,borehole,Yes,"September, November",Rain,TRUE,TRUE,TRUE,NA,No,Lack of knowledge or training,NA,TRUE,FALSE,FALSE,Making swallows,Training and demonstrations
Balaka,Njira yagoma,borehole,Yes,November,Underground Storage,FALSE,FALSE,FALSE,Yes,Yes,NA,Irrigation/Gardening,TRUE,Don't Know,FALSE,Planting trees,"Training and demonstrations, Subsidies or financial assistance, Labour support, Community by-laws or encouragement"
Balaka,Njirayagoma,borehole,No,NA,Underground Storage,TRUE,FALSE,TRUE,Yes,Yes,NA,Irrigation/Gardening,TRUE,TRUE,FALSE,Planting trees ,"Subsidies or financial assistance, Training and demonstrations, Community by-laws or encouragement"
Balaka,Njira yagoma,borehole,No,NA,Underground Storage,FALSE,TRUE,FALSE,Yes,No,Lack of knowledge or training,NA,TRUE,TRUE,TRUE,Planting trees,"Training and demonstrations, Subsidies or financial assistance, Labour support, Community by-laws or encouragement"
Balaka,Njira ,borehole,No,NA,Underground Storage,TRUE,FALSE,TRUE,Yes,Yes,NA,Washing/Cleaning,TRUE,FALSE,FALSE,"Planting trees,  swale 
, dam boxridges and planting trees ","Training and demonstrations, Subsidies or financial assistance, Community by-laws or encouragement"
Balaka,Njira yagoma ,borehole,Yes,October,Underground Storage,NA,TRUE,TRUE,No,Yes,NA,Washing/Cleaning,TRUE,TRUE,FALSE,Making swallows,"Training and demonstrations, Subsidies or financial assistance"
Balaka,Njira ygoma,borehole,Yes,"October, November",Underground Storage,TRUE,FALSE,FALSE,No,No,Lack of land or space,NA,TRUE,TRUE,FALSE,Planting trees,"Training and demonstrations, Community by-laws or encouragement"
Balaka,Njirayagoma,borehole,No,NA,Underground Storage,TRUE,FALSE,TRUE,Yes,Yes,NA,Washing/Cleaning,TRUE,FALSE,FALSE,Planting trees ,"Training and demonstrations, Subsidies or financial assistance"
Balaka,Njira yagoma ,borehole,Yes,"September, October, November",Underground Storage,TRUE,TRUE,TRUE,No,Yes,NA,Irrigation/Gardening,TRUE,FALSE,TRUE,Making swallows and playing trees,Training and demonstrations
Balaka,Kunyalani,borehole,No,NA,Underground Storage,TRUE,FALSE,TRUE,Yes,Yes,NA,Washing/Cleaning,TRUE,TRUE,TRUE,Planting trees and Morden farming,"Training and demonstrations, Subsidies or financial assistance"
Balaka,Njira yagoma,borehole,Yes,"November, October",Don't Know,NA,TRUE,FALSE,NA,Yes,NA,Washing/Cleaning,FALSE,Don't Know,FALSE,Swallows,Training and demonstrations
Balaka,Kunyalani,borehole,No,NA,Underground Storage,TRUE,FALSE,TRUE,Yes,Yes,NA,Washing/Cleaning,TRUE,FALSE,TRUE,Planting trees ,"Training and demonstrations, Subsidies or financial assistance"
Balaka,Kunyalani,borehole,No,NA,Underground Storage,TRUE,FALSE,FALSE,Yes,Yes,NA,Irrigation/Gardening,TRUE,FALSE,TRUE,Planting trees ,"Training and demonstrations, Subsidies or financial assistance, Community by-laws or encouragement"
Balaka,Njira yagoma,borehole,Yes,October,Underground Storage,TRUE,TRUE,TRUE,Yes,No,Cannot afford storage materials,NA,TRUE,Don't Know,TRUE,Planting trees,"Training and demonstrations, Community by-laws or encouragement, Subsidies or financial assistance, Labour support"
Balaka,Kunyalani,borehole,No,NA,Underground Storage,TRUE,FALSE,TRUE,Yes,Yes,NA,Washing/Cleaning,TRUE,FALSE,TRUE,Planting trees ,"Training and demonstrations, Subsidies or financial assistance"
Balaka,Njira yagoma,borehole,Yes,"September, October",Underground Storage,TRUE,TRUE,FALSE,Yes,No,Cannot afford storage materials,NA,TRUE,Don't Know,FALSE,Making swallows,"Training and demonstrations, Subsidies or financial assistance, Labour support, Community by-laws or encouragement"
Balaka,Njira yagoma,borehole,NA,NA,NA,TRUE,TRUE,TRUE,NA,Yes,NA,Washing/Cleaning,TRUE,TRUE,TRUE,Planting trees,"Training and demonstrations, Subsidies or financial assistance, Labour support, Community by-laws or encouragement"
Balaka,Njira yagoma,borehole,Yes,"October, November",Underground Storage,NA,FALSE,TRUE,Yes,Yes,NA,Washing/Cleaning,TRUE,TRUE,TRUE,Planting trees,"Subsidies or financial assistance, Training and demonstrations, Labour support"
Machinga,Sawawa,borehole,No,NA,Underground Storage,TRUE,NA,FALSE,Yes,No,Cannot afford storage materials,NA,TRUE,FALSE,FALSE,Rainfall infrastration,"Labour support, Training and demonstrations"
Machinga,Sawawa,borehole,No,NA,Underground Storage,TRUE,FALSE,FALSE,Yes,No,Cannot afford storage materials,NA,TRUE,FALSE,FALSE,"Underground tank,wells","Training and demonstrations, Labour support, Subsidies or financial assistance"
Machinga,Mitawa,borehole,No,NA,Underground Storage,TRUE,TRUE,TRUE,Yes,No,Cannot afford storage materials,NA,TRUE,TRUE,TRUE,I don't know ,Training and demonstrations
Machinga,Sawawa,borehole,No,NA,Underground Storage,TRUE,TRUE,FALSE,No,No,Cannot afford storage materials,NA,TRUE,TRUE,TRUE,I don't know ,Training and demonstrations
Machinga,Sawawa,borehole,No,NA,Underground Storage,TRUE,TRUE,TRUE,No,No,Cannot afford storage materials,NA,TRUE,TRUE,TRUE,I don't know ,Subsidies or financial assistance
Machinga,Sawawa,borehole,No,NA,Underground Storage,TRUE,TRUE,FALSE,Yes,No,Cannot afford storage materials,NA,TRUE,TRUE,TRUE,I don't know ,Training and demonstrations
Machinga,Sawawa,borehole,No,NA,Underground Storage,TRUE,TRUE,TRUE,Yes,Yes,NA,Drinking/Cooking,TRUE,TRUE,TRUE,I don't know ,Training and demonstrations
Machinga,Chamba,borehole,No,NA,Underground Storage,FALSE,FALSE,TRUE,No,Yes,NA,Drinking/Cooking,TRUE,TRUE,TRUE,Infiltration trenches and mulching ,"Training and demonstrations, Labour support, Community by-laws or encouragement"
Machinga,Mitawa,borehole,No,NA,Rain,FALSE,FALSE,FALSE,NA,No,Cannot afford storage materials,NA,TRUE,TRUE,FALSE,Planting trees ,"Training and demonstrations, Community by-laws or encouragement, Labour support"
Machinga,Chamba,borehole,No,NA,Underground Storage,FALSE,FALSE,TRUE,Yes,Yes,NA,Drinking/Cooking,TRUE,FALSE,FALSE,There is nothing to do,"Training and demonstrations, Labour support, Subsidies or financial assistance"
Machinga,Sawawa,borehole,No,NA,Rain,TRUE,FALSE,FALSE,NA,Yes,NA,Drinking/Cooking,TRUE,TRUE,TRUE,Contour farming ,"Training and demonstrations, Subsidies or financial assistance"
Machinga,Sawawa,borehole,No,NA,Underground Storage,TRUE,TRUE,FALSE,Don't know,No,Cannot afford storage materials,NA,TRUE,TRUE,FALSE,Through infrastion by heavy rainfall ,"Training and demonstrations, Labour support"
Machinga,Sawawa,borehole,No,NA,Rain,TRUE,TRUE,FALSE,NA,Yes,NA,Drinking/Cooking,FALSE,FALSE,TRUE,By infiltration ,"Training and demonstrations, Subsidies or financial assistance, Labour support, Community by-laws or encouragement"
Machinga,Sawawa,borehole,No,NA,God ,FALSE,FALSE,TRUE,NA,No,Cannot afford storage materials,NA,TRUE,FALSE,FALSE,No idea,"Training and demonstrations, Subsidies or financial assistance, Labour support, Community by-laws or encouragement"
Machinga,Sawawa ,borehole,No,NA,God ,FALSE,FALSE,FALSE,NA,No,Cannot afford storage materials,NA,Don't Know,TRUE,Don't Know,By rainwater inftratration,"Training and demonstrations, Subsidies or financial assistance, Labour support"
Machinga,Sawawa,borehole,No,NA,Underground Storage,TRUE,TRUE,FALSE,Yes,Yes,NA,Drinking/Cooking,TRUE,TRUE,FALSE,Planting trees ,"Community by-laws or encouragement, Training and demonstrations, Subsidies or financial assistance"
Balaka,Njira yagoma,borehole,Yes,"September, October, November",Underground Storage,FALSE,TRUE,TRUE,Yes,Yes,NA,Drinking/Cooking,TRUE,TRUE,TRUE,Making of Swallows to hold water in the farms can refill Ground water,Training and demonstrations
Machinga,Chisonga,borehole,No,NA,Underground Storage,TRUE,TRUE,TRUE,No,No,Cannot afford storage materials,NA,Don't Know,TRUE,FALSE,Don't know,"Training and demonstrations, Subsidies or financial assistance"
Machinga,Chisonga,borehole,Yes,"September, October, August",Underground Storage,TRUE,TRUE,TRUE,Yes,Yes,NA,Drinking/Cooking,TRUE,TRUE,TRUE,Contour lidges,"Training and demonstrations, Subsidies or financial assistance, Labour support"
Machinga,Chisoni,borehole,Yes,"October, November, December",Rain,TRUE,TRUE,FALSE,NA,Yes,NA,Drinking/Cooking,FALSE,FALSE,FALSE,Don't know ,"Training and demonstrations, Subsidies or financial assistance"
Machinga,Chisonga,borehole,Yes,"October, November, December",Underground Storage,TRUE,TRUE,FALSE,No,Yes,NA,Drinking/Cooking,TRUE,FALSE,TRUE,Don't know ,"Training and demonstrations, Subsidies or financial assistance, Labour support"
Machinga,Chisonga,borehole,Yes,"October, November, December",Underground Storage,TRUE,TRUE,FALSE,No,Yes,NA,Drinking/Cooking,TRUE,FALSE,TRUE,Rainfall infrastration ,"Training and demonstrations, Subsidies or financial assistance, Community by-laws or encouragement"
Machinga,Njete,borehole,No,NA,Underground Storage,TRUE,FALSE,FALSE,Don't know,Yes,NA,Drinking/Cooking,TRUE,FALSE,FALSE,Don't know ,Labour support
Machinga,Njete 1,borehole,No,NA,Underground Storage,TRUE,TRUE,NA,Yes,Yes,NA,Drinking/Cooking,FALSE,FALSE,FALSE,Don't know ,"Training and demonstrations, Subsidies or financial assistance"
Machinga,Njete,borehole,No,NA,Don't Know,NA,FALSE,TRUE,NA,Yes,NA,Drinking/Cooking,FALSE,FALSE,FALSE,Drill the borehole at high depth,"Training and demonstrations, Subsidies or financial assistance, Labour support, Community by-laws or encouragement"
Machinga,Kalolo,borehole,No,NA,Underground Storage,FALSE,FALSE,TRUE,No,Yes,NA,Drinking/Cooking,TRUE,FALSE,FALSE,Planting trees and contour ,"Training and demonstrations, Labour support"
Machinga,Kamwana,borehole,No,NA,Underground Storage,TRUE,NA,FALSE,No,Yes,NA,Drinking/Cooking,FALSE,FALSE,FALSE,Don't know ,"Training and demonstrations, Subsidies or financial assistance, None"
Chikwawa,Matengambiri,borehole,No,NA,Underground Storage,NA,FALSE,FALSE,Yes,NA,NA,NA,Don't Know,Don't Know,FALSE,Tree planting ,Training and demonstrations
Chikwawa,Matengambiri ,borehole,No,NA,God ,FALSE,FALSE,NA,NA,No,Other (please specify),NA,Don't Know,FALSE,FALSE,Planting more trees in upper land,Community by-laws or encouragement
Chikwawa,Matengambiri ,borehole,Yes,"October, November, December",Underground Storage,TRUE,FALSE,TRUE,Yes,Yes,NA,Washing/Cleaning,Don't Know,TRUE,FALSE,Tree planting in large scale land ,Community by-laws or encouragement
Chikwawa,Matengambiri ,borehole,No,NA,Underground Storage,FALSE,FALSE,FALSE,Yes,No,Lack of knowledge or training,NA,Don't Know,Don't Know,Don't Know,Planting trees,Training and demonstrations
Chikwawa,Matengambiri ,borehole,No,NA,God ,FALSE,FALSE,TRUE,NA,No,Other (please specify),NA,Don't Know,Don't Know,FALSE,Tree planting ,Other (please specify)
Chikwawa,Matengambiri ,borehole,No,NA,Underground Storage,FALSE,FALSE,FALSE,No,No,Other (please specify),NA,FALSE,FALSE,FALSE,Planting more trees ,Other (please specify)
Chikwawa,Matengambiri ,borehole,No,NA,Underground Storage,NA,NA,TRUE,No,No,Lack of knowledge or training,NA,Don't Know,Don't Know,Don't Know,Tree planting ,Community by-laws or encouragement
Chikwawa,Matengambiri ,borehole,Yes,"September, October, November",Underground Storage,FALSE,FALSE,FALSE,No,No,Lack of knowledge or training,NA,Don't Know,Don't Know,Don't Know,Tree planting ,Training and demonstrations
Chikwawa,Matengambiri ,borehole,No,NA,Underground Storage,FALSE,FALSE,TRUE,Yes,No,Other (please specify),NA,Don't Know,FALSE,FALSE,Planting trees ,Community by-laws or encouragement
Chikwawa,Matengambiri ,borehole,No,NA,Underground Storage,NA,NA,TRUE,Yes,No,Other (please specify),NA,Don't Know,FALSE,FALSE,Planting trees ,Training and demonstrations
Chikwawa,Matengambiri ,borehole,No,NA,Underground Storage,TRUE,TRUE,FALSE,No,No,Lack of knowledge or training,NA,Don't Know,Don't Know,Don't Know,Planting trees ,Training and demonstrations
Chikwawa,Matengambiri ,borehole,No,NA,Underground Storage,NA,NA,TRUE,Yes,Yes,NA,Washing/Cleaning,Don't Know,FALSE,FALSE,Planting more trees ,Community by-laws or encouragement
Chikwawa,Matengambiri ,borehole,No,NA,Underground Storage,FALSE,NA,TRUE,Yes,No,Negative perception/doesn’t seem worthwhile,NA,Don't Know,FALSE,FALSE,Planting more trees in the village ,Training and demonstrations
Chikwawa,Matengambiri ,borehole,No,NA,Underground Storage,TRUE,FALSE,TRUE,Yes,No,Do not know about the practice,NA,Don't Know,FALSE,FALSE,Conservation of the land especially up hills where rivers start ,Other (please specify)
Machinga, Mang'anda ,borehole,No,NA,Underground Storage,TRUE,FALSE,FALSE,No,No,Cannot afford storage materials,NA,TRUE,TRUE,TRUE,I don't know. ,Training and demonstrations
Chikwawa,Matengambiri ,borehole,No,NA,Underground Storage,FALSE,TRUE,TRUE,Yes,No,Negative perception/doesn’t seem worthwhile,NA,Don't Know,FALSE,FALSE,Planting trees ,Training and demonstrations
Chikwawa,Matengambiri ,borehole,No,NA,Underground Storage,NA,FALSE,FALSE,No,No,Negative perception/doesn’t seem worthwhile,NA,FALSE,TRUE,TRUE,By conserving land up land and also in river banks,Training and demonstrations
Machinga,Matengambiri ,borehole,No,NA,God ,NA,NA,FALSE,NA,No,Lack of knowledge or training,NA,Don't Know,FALSE,TRUE,Tree planting ,Other (please specify)
Chikwawa,Matengambiri ,borehole,No,NA,Underground Storage,TRUE,TRUE,TRUE,Yes,No,Negative perception/doesn’t seem worthwhile,NA,Don't Know,Don't Know,TRUE,Conserving the environment and other marginal areas in the community ,Other (please specify)
Chikwawa,Matengambiri ,borehole,Yes,"November, September, October",Underground Storage,TRUE,FALSE,TRUE,Yes,Yes,NA,Washing/Cleaning,Don't Know,FALSE,FALSE,Tree planting in large scale area ,Training and demonstrations
Chikwawa,Matengambiri ,borehole,No,NA,Underground Storage,NA,NA,NA,No,Yes,NA,Washing/Cleaning,Don't Know,FALSE,TRUE,Tree planting ,Community by-laws or encouragement
Chikwawa,Njanji,borehole,No,NA,Underground Storage,TRUE,TRUE,TRUE,Yes,No,Negative perception/doesn’t seem worthwhile,NA,Don't Know,FALSE,Don't Know,Through planting trees in hill area and also protecting forests from charcoal burners.,Training and demonstrations
Chikwawa,Njanji ,borehole,No,NA,Underground Storage,TRUE,TRUE,TRUE,Yes,Yes,NA,Washing/Cleaning,Don't Know,FALSE,TRUE,Planting trees ,Training and demonstrations
Chikwawa,Njanji ,borehole,No,NA,Underground Storage,NA,NA,TRUE,Yes,Yes,NA,Washing/Cleaning,Don't Know,FALSE,TRUE,Conserving surrounding area by constructing swale and ,"Training and demonstrations, Community by-laws or encouragement"
Chikwawa,Njanji ,borehole,No,NA,Underground Storage,TRUE,TRUE,TRUE,Yes,No,Lack of knowledge or training,NA,TRUE,FALSE,TRUE,Tree planting ,Training and demonstrations
Chikwawa,Njanji ,borehole,Yes,"November, October",Underground Storage,NA,NA,TRUE,Yes,No,Negative perception/doesn’t seem worthwhile,NA,Don't Know,FALSE,TRUE,By conserving the environment ,Training and demonstrations
Machinga,Kamwana,borehole,No,NA,Underground Storage,FALSE,TRUE,FALSE,No,No,Cannot afford storage materials,NA,FALSE,FALSE,FALSE,Don't know ,"Subsidies or financial assistance, Training and demonstrations, Labour support"
Machinga,Kamwana,borehole,No,NA,Rain,TRUE,TRUE,FALSE,NA,No,Cannot afford storage materials,NA,TRUE,TRUE,FALSE,Don't know ,"Training and demonstrations, Labour support"
Machinga,Kalolo,borehole,No,NA,God ,TRUE,TRUE,TRUE,NA,No,Cannot afford storage materials,NA,FALSE,FALSE,TRUE,Don't know ,Training and demonstrations
Machinga,Kalolo,borehole,No,NA,God ,TRUE,FALSE,TRUE,NA,Yes,NA,Drinking/Cooking,FALSE,FALSE,FALSE,Don't know ,"Training and demonstrations, Labour support"
Machinga,Njete,borehole,No,NA,God ,TRUE,TRUE,TRUE,NA,Yes,NA,Drinking/Cooking,FALSE,FALSE,FALSE,Don't know ,"Training and demonstrations, Subsidies or financial assistance"
Machinga,Njete,borehole,No,NA,God ,FALSE,TRUE,FALSE,NA,Yes,NA,Drinking/Cooking,TRUE,TRUE,TRUE,Don't know ,"Training and demonstrations, Community by-laws or encouragement"
Machinga,Njete,borehole,No,NA,God ,TRUE,TRUE,FALSE,NA,No,Cannot afford storage materials,NA,FALSE,TRUE,TRUE,Don't know ,"Training and demonstrations, Labour support"
Chikwawa,Njanji ,borehole,No,NA,Underground Storage,FALSE,TRUE,TRUE,Yes,No,Negative perception/doesn’t seem worthwhile,NA,Don't Know,TRUE,Don't Know,Planting trees ,Training and demonstrations
Machinga,Njete,borehole,No,NA,God ,TRUE,TRUE,FALSE,NA,No,Cannot afford storage materials,NA,FALSE,FALSE,FALSE,Don't know ,Training and demonstrations
Machinga,Kalolo,borehole,No,NA,God ,NA,NA,NA,NA,Yes,NA,Drinking/Cooking,Don't Know,Don't Know,FALSE,Don't know ,Training and demonstrations
Machinga,Kalolo,borehole,No,NA,God ,TRUE,TRUE,TRUE,NA,Yes,NA,Drinking/Cooking,TRUE,TRUE,TRUE,Planting more trees ,Training and demonstrations
Machinga,Kalolo ,borehole,No,NA,God ,TRUE,TRUE,TRUE,NA,Yes,NA,Drinking/Cooking,TRUE,TRUE,TRUE,Don't know ,"Training and demonstrations, Subsidies or financial assistance"
Chikwawa,Njanji ,borehole,No,NA,Underground Storage,FALSE,FALSE,TRUE,Yes,No,Negative perception/doesn’t seem worthwhile,NA,Don't Know,FALSE,TRUE,"By conserving the environment through swale making, regeneration and construction of check dams",Training and demonstrations
Chikwawa,Njanji ,borehole,No,NA,God ,FALSE,FALSE,FALSE,NA,Yes,NA,Washing/Cleaning,Don't Know,FALSE,Don't Know,Planting trees in the area ,Training and demonstrations
Machinga,Kalolo,borehole,No,NA,God ,TRUE,TRUE,TRUE,NA,Yes,NA,Drinking/Cooking,TRUE,FALSE,Don't Know,Don't know ,"Training and demonstrations, Subsidies or financial assistance"
Machinga,Njete,shallow_well,Yes,"October, November, December",God ,TRUE,TRUE,TRUE,NA,Yes,NA,Drinking/Cooking,TRUE,TRUE,TRUE,Don't know ,Subsidies or financial assistance
Machinga,Kalolo,borehole,No,NA,God ,NA,NA,NA,NA,No,Cannot afford storage materials,NA,TRUE,TRUE,TRUE,Don't know ,"Training and demonstrations, Subsidies or financial assistance"
Machinga,Kalolo,borehole,No,NA,Rain,FALSE,FALSE,FALSE,NA,No,Cannot afford storage materials,NA,FALSE,FALSE,Don't Know,Don't know ,Labour support
Machinga,Chipile,borehole,No,NA,Rain,NA,NA,NA,NA,No,Cannot afford storage materials,NA,FALSE,Don't Know,Don't Know,Don't know ,Labour support
Machinga,Chipile,shallow_well,Yes,"October, November, December",Rain,FALSE,NA,NA,NA,No,Cannot afford storage materials,NA,FALSE,FALSE,Don't Know,Don't know ,Training and demonstrations
Machinga,Chipile ,shallow_well,Yes,"September, October, November, December",Rain,NA,NA,NA,NA,No,Cannot afford storage materials,NA,TRUE,TRUE,FALSE,Planting trees ,Training and demonstrations
Machinga,Chipile,borehole,No,NA,Underground Storage,TRUE,NA,FALSE,No,Yes,NA,Drinking/Cooking,Don't Know,Don't Know,Don't Know,Don't know ,Subsidies or financial assistance
Machinga,Chipile,shallow_well,Yes,"September, October, November, December",God ,FALSE,NA,NA,NA,Yes,NA,Drinking/Cooking,Don't Know,FALSE,Don't Know,Don't know ,Subsidies or financial assistance
Machinga,Chipile,shallow_well,Yes,"October, November, December",Rain,NA,NA,NA,NA,Yes,NA,Drinking/Cooking,TRUE,FALSE,Don't Know,Don't know ,None
Machinga,Chipile,shallow_well,Yes,"October, November, December",God ,NA,NA,NA,NA,Yes,NA,Drinking/Cooking,TRUE,TRUE,TRUE,Don't know ,"Labour support, Training and demonstrations"
Machinga,Chipile ,shallow_well,Yes,"October, November, December",God ,FALSE,TRUE,NA,NA,Yes,NA,Drinking/Cooking,TRUE,FALSE,FALSE,Planting trees ,"Training and demonstrations, Subsidies or financial assistance"
Chikwawa,Mphungu ,piped_tap,Yes,"January, February, March , June, July",NA,FALSE,FALSE,FALSE,NA,No,Labour/time required is too much,NA,Don't Know,TRUE,NA,Reducing chemicals application in farm land ,Training and demonstrations
Chikwawa,Mphungu ,piped_tap,Yes,"June, July, January",NA,TRUE,TRUE,TRUE,NA,No,Negative perception/doesn’t seem worthwhile,NA,Don't Know,FALSE,Don't Know,Through regeneration and re-afforestation ,Training and demonstrations
Chikwawa,Mphungu ,piped_tap,Yes,"January, February, June, July",NA,NA,NA,TRUE,NA,No,Labour/time required is too much,NA,Don't Know,FALSE,TRUE,Through tree planting ,Community by-laws or encouragement
Machinga,Njete 2,shallow_well,Yes,"October, November, December",God ,NA,NA,NA,NA,No,Cannot afford storage materials,NA,Don't Know,Don't Know,Don't Know,Don't know ,Training and demonstrations
Machinga,Njete 2,shallow_well,Don't Know,NA,Rain,NA,NA,NA,NA,Yes,NA,Drinking/Cooking,FALSE,Don't Know,Don't Know,Don't know ,Training and demonstrations
Machinga,Chisonga,shallow_well,Yes,"October, November, December",Rain,NA,NA,NA,NA,Yes,NA,Drinking/Cooking,TRUE,Don't Know,Don't Know,Don't know ,"Subsidies or financial assistance, Training and demonstrations"
Machinga,Chisonga,shallow_well,Don't Know,NA,Rain,NA,NA,NA,NA,Yes,NA,Drinking/Cooking,Don't Know,FALSE,Don't Know,Don't know ,"Training and demonstrations, Subsidies or financial assistance"
Machinga,Chisonga,borehole,No,NA,Underground Storage,NA,NA,NA,No,Yes,NA,Drinking/Cooking,TRUE,FALSE,Don't Know,Don't know ,Training and demonstrations
Chikwawa,Mtembeta ,surface_water,Yes,"September, October, November, December",NA,FALSE,TRUE,TRUE,NA,No,Negative perception/doesn’t seem worthwhile,NA,FALSE,FALSE,FALSE,Community coordination in restoration of the environment.,Other (please specify)
Chikwawa,Mtembeta ,surface_water,Yes,"September, October, November, December",NA,FALSE,NA,TRUE,NA,Yes,NA,Washing/Cleaning,Don't Know,FALSE,FALSE,Planting trees and also practicing Smart Agricultural as advised by agricultural authorities ,Other (please specify)
Chikwawa,Mtembeta ,surface_water,Yes,"September, October, November, December",NA,FALSE,FALSE,TRUE,NA,No,Negative perception/doesn’t seem worthwhile,NA,Don't Know,FALSE,Don't Know,By conserving the environment ,Other (please specify)
Chikwawa,Mtembeta ,surface_water,Yes,"September, October, November, December",NA,FALSE,NA,TRUE,NA,Yes,NA,Washing/Cleaning,Don't Know,FALSE,TRUE,Through conserving the environment ,Other (please specify)
Chikwawa,Mtembeta ,surface_water,Yes,"September, October, November, December",NA,TRUE,TRUE,TRUE,NA,No,Negative perception/doesn’t seem worthwhile,NA,Don't Know,FALSE,Don't Know,Through practicing better methods of farming and also for not cutting down trees carelessly.,Other (please specify)
Chikwawa,Mtembeta ,surface_water,Yes,"October, November, December, September",NA,FALSE,FALSE,TRUE,NA,No,Labour/time required is too much,NA,Don't Know,FALSE,Don't Know,By Afforestation in large scale area of land ,Other (please specify)
Chikwawa,Mtembeta ,surface_water,Yes,"October, November, December, September",NA,FALSE,FALSE,FALSE,NA,Yes,NA,Washing/Cleaning,Don't Know,FALSE,TRUE,Tree planting and also practicing smart agriculture.,Other (please specify)
Chikwawa,Mtembeta ,surface_water,Yes,"October, November, December, January, February, September",NA,FALSE,FALSE,TRUE,NA,No,Negative perception/doesn’t seem worthwhile,NA,Don't Know,FALSE,TRUE,By planting more trees ,Other (please specify)
Chikwawa,Mtembeta ,surface_water,Yes,"January, February, December",NA,FALSE,FALSE,FALSE,NA,No,Negative perception/doesn’t seem worthwhile,NA,Don't Know,FALSE,FALSE,By practicing Smart Agriculture ,Other (please specify)
Chikwawa,Mtembeta ,surface_water,Yes,"January, November, October, December",NA,FALSE,FALSE,TRUE,NA,No,Do not know about the practice,NA,Don't Know,Don't Know,Don't Know,Protecting all water sources by planting more trees ,Other (please specify)
Chikwawa,Mtembeta ,surface_water,Yes,"November, December, January",NA,NA,NA,NA,NA,No,Do not know about the practice,NA,Don't Know,Don't Know,FALSE,Through conserving the environment ,Other (please specify)
Chikwawa,Mtembeta ,shallow_well,Yes,"January, February, October, November, December",Underground Storage,FALSE,FALSE,TRUE,Yes,No,Negative perception/doesn’t seem worthwhile,NA,Don't Know,FALSE,TRUE,Through re-afforestation ,Other (please specify)
Chikwawa,Gonyo 1,borehole,No,NA,Underground Storage,FALSE,FALSE,TRUE,Yes,No,Cannot afford storage materials,NA,Don't Know,TRUE,Don't Know,By planting trees ,Community by-laws or encouragement
Chikwawa,Gonyo 1 ,borehole,No,NA,Underground Storage,TRUE,FALSE,TRUE,Yes,No,Negative perception/doesn’t seem worthwhile,NA,Don't Know,FALSE,FALSE,By planting more trees in also large quantities ,Community by-laws or encouragement
Chikwawa,Gonyo 1 ,borehole,No,NA,Underground Storage,FALSE,NA,TRUE,Yes,Yes,NA,Washing/Cleaning,Don't Know,FALSE,FALSE,By conserving the environment through tree planting ,Other (please specify)
Machinga,Funde,borehole,No,NA,Underground Storage,TRUE,FALSE,TRUE,Yes,No,Cannot afford storage materials,NA,TRUE,TRUE,TRUE,Planting trees ,Training and demonstrations
Chikwawa,Gonyo 1 ,borehole,Yes,"November, December, October",Underground Storage,FALSE,FALSE,TRUE,Yes,No,Lack of knowledge or training,NA,Don't Know,Don't Know,FALSE,Through tree planting ,Training and demonstrations
Machinga,Fundeni,borehole,No,NA,Underground Storage,TRUE,FALSE,TRUE,Yes,No,Cannot afford storage materials,NA,TRUE,TRUE,TRUE,Planting trees ,Training and demonstrations
Machinga,Fundeni,borehole,No,NA,Underground Storage,TRUE,FALSE,TRUE,Yes,No,Cannot afford storage materials,NA,TRUE,TRUE,TRUE,Planting trees ,Training and demonstrations
Machinga,Fundeni ,borehole,No,NA,Underground Storage,TRUE,FALSE,TRUE,Yes,No,Cannot afford storage materials,NA,TRUE,TRUE,TRUE,Planting trees ,Training and demonstrations
Machinga,Fundeni ,borehole,No,NA,Underground Storage,TRUE,FALSE,TRUE,Yes,No,Cannot afford storage materials,NA,TRUE,TRUE,TRUE,Planting trees ,Training and demonstrations
Chikwawa,Gonyo 1 ,borehole,Yes,"October, November, December",God ,FALSE,NA,TRUE,NA,No,Lack of knowledge or training,NA,Don't Know,FALSE,TRUE,By planting more trees ,Training and demonstrations
Machinga,Fundeni,borehole,No,NA,Underground Storage,NA,FALSE,TRUE,Yes,No,Cannot afford storage materials,NA,TRUE,TRUE,TRUE,Planting trees ,Training and demonstrations
Chikwawa,Gonyo 1 ,borehole,Yes,"November, December, October",God ,NA,NA,FALSE,NA,No,Lack of knowledge or training,NA,Don't Know,Don't Know,TRUE,By conserving the environment ,Training and demonstrations
Machinga,Fundeni,borehole,No,NA,Underground Storage,TRUE,FALSE,TRUE,Yes,No,Cannot afford storage materials,NA,TRUE,TRUE,TRUE,Planting trees ,Training and demonstrations
Chikwawa,Gonyo 1 ,shallow_well,Yes,"January, October, November, December",God ,NA,FALSE,FALSE,NA,No,Do not know about the practice,NA,Don't Know,Don't Know,Don't Know,By planting trees ,Training and demonstrations
Chikwawa,Gonyo 1 ,borehole,Yes,"October, November, December",Underground Storage,TRUE,FALSE,TRUE,Yes,No,Cannot afford storage materials,NA,Don't Know,TRUE,TRUE,By conserving the soil and other marginal lands ,"Training and demonstrations, Other (please specify)"
Chikwawa,Gonyo 1 ,borehole,Yes,"September, October, November, December",God ,FALSE,FALSE,TRUE,NA,Yes,NA,Washing/Cleaning,Don't Know,FALSE,FALSE,By conserving the environment ,Training and demonstrations
Chikwawa,Gonyo 1 ,borehole,Yes,"October, November, December",Underground Storage,NA,NA,TRUE,Yes,No,Negative perception/doesn’t seem worthwhile,NA,Don't Know,FALSE,Don't Know,By planting more trees ,Training and demonstrations
Chikwawa,Gonyo 1 ,borehole,Yes,"September, October, November",Underground Storage,TRUE,FALSE,TRUE,Yes,No,Lack of knowledge or training,NA,Don't Know,FALSE,TRUE,By conserving the environment ,Training and demonstrations
Machinga,Mang'anda ,borehole,No,NA,Underground Storage,TRUE,FALSE,TRUE,Yes,No,Cannot afford storage materials,NA,TRUE,TRUE,TRUE,Planting ,Training and demonstrations
Chikwawa,Gonyo ,borehole,No,NA,God ,FALSE,FALSE,TRUE,NA,No,Labour/time required is too much,NA,FALSE,FALSE,Don't Know,By planting more trees ,"Training and demonstrations, Other (please specify)"
Machinga,Mang'anda ,borehole,No,NA,Underground Storage,TRUE,FALSE,TRUE,Don't know,No,Cannot afford storage materials,NA,TRUE,TRUE,TRUE,I don't know ,Training and demonstrations
Machinga,Mang'anda ,borehole,No,NA,Underground Storage,TRUE,FALSE,TRUE,Yes,No,Cannot afford storage materials,NA,TRUE,TRUE,TRUE,Planting trees ,Training and demonstrations
Machinga,Mang'anda ,borehole,Yes,October,Underground Storage,TRUE,FALSE,TRUE,Yes,No,Cannot afford storage materials,NA,TRUE,TRUE,TRUE,Planting trees ,Training and demonstrations
Machinga,Mang'anda ,borehole,Yes,October,Underground Storage,FALSE,FALSE,TRUE,Yes,No,Cannot afford storage materials,NA,TRUE,TRUE,TRUE,Planting trees ,Training and demonstrations
Machinga,Mang'anda ,borehole,No,NA,Underground Storage,TRUE,FALSE,TRUE,Yes,No,Cannot afford storage materials,NA,Don't Know,TRUE,TRUE,Planting trees ,Training and demonstrations
Machinga,Mang'anda,borehole,No,NA,Underground Storage,TRUE,FALSE,TRUE,Yes,No,Cannot afford storage materials,NA,TRUE,TRUE,TRUE,Planting trees ,Training and demonstrations
Chikwawa,Gonyo 1 ,borehole,No,NA,Underground Storage,TRUE,TRUE,FALSE,Yes,No,Negative perception/doesn’t seem worthwhile,NA,FALSE,FALSE,Don't Know,By conserving the land especially river sources ,Training and demonstrations
Machinga,Kalolo,borehole,No,NA,Underground Storage,TRUE,FALSE,TRUE,Yes,No,Cannot afford storage materials,NA,TRUE,TRUE,TRUE,Planting trees ,Training and demonstrations
Machinga,Kalolo,borehole,No,NA,Underground Storage,TRUE,FALSE,TRUE,Yes,No,Cannot afford storage materials,NA,TRUE,TRUE,TRUE,Planting ,Training and demonstrations
Machinga,Kalolo,borehole,No,NA,Underground Storage,TRUE,FALSE,TRUE,Yes,No,Cannot afford storage materials,NA,TRUE,TRUE,TRUE,Planting trees ,Training and demonstrations
Machinga,Kalolo,borehole,No,NA,Underground Storage,TRUE,FALSE,TRUE,Yes,No,Cannot afford storage materials,NA,TRUE,TRUE,TRUE,Planting trees ,Training and demonstrations
Machinga,Kalolo,borehole,No,NA,Underground Storage,TRUE,FALSE,TRUE,Yes,No,Cannot afford storage materials,NA,TRUE,TRUE,TRUE,Planting trees ,Training and demonstrations
Machinga,Kalolo,borehole,No,NA,Underground Storage,TRUE,FALSE,TRUE,Yes,No,Cannot afford storage materials,NA,TRUE,TRUE,TRUE,Planting trees ,Training and demonstrations
Machinga,Kalolo,borehole,No,NA,Underground Storage,TRUE,TRUE,TRUE,Yes,No,Cannot afford storage materials,NA,TRUE,TRUE,TRUE,Planting ,Training and demonstrations
Machinga,Kalolo,borehole,No,NA,Underground Storage,TRUE,FALSE,TRUE,Yes,No,Cannot afford storage materials,NA,TRUE,TRUE,TRUE,I don't know ,Training and demonstrations
Machinga,Kalolo,borehole,No,NA,Underground Storage,TRUE,FALSE,TRUE,Yes,No,Cannot afford storage materials,NA,TRUE,TRUE,TRUE,Planting trees ,Training and demonstrations
Chikwawa,Gonyo 1 ,borehole,Yes,"January, November, December, October",Underground Storage,NA,TRUE,TRUE,Yes,Yes,NA,Washing/Cleaning,Don't Know,FALSE,FALSE,By doing smart agriculture ,Training and demonstrations
Machinga,Kalolo,borehole,No,NA,Underground Storage,TRUE,FALSE,TRUE,Yes,No,Cannot afford storage materials,NA,TRUE,TRUE,TRUE,Planting trees ,Training and demonstrations
Machinga,Kalolo,borehole,No,NA,Underground Storage,TRUE,FALSE,TRUE,Yes,No,Cannot afford storage materials,NA,TRUE,TRUE,TRUE,Planting trees ,Training and demonstrations
Machinga,Kalolo,borehole,No,NA,Underground Storage,TRUE,FALSE,TRUE,Yes,No,Cannot afford storage materials,NA,TRUE,TRUE,TRUE,Planting trees ,Training and demonstrations
Machinga,Chisonga ,borehole,No,NA,Underground Storage,TRUE,FALSE,TRUE,Yes,No,Cannot afford storage materials,NA,TRUE,TRUE,TRUE,Planting trees ,Training and demonstrations
Machinga,Chisonga ,borehole,No,NA,Underground Storage,TRUE,TRUE,TRUE,Yes,No,Cannot afford storage materials,NA,TRUE,TRUE,TRUE,Planting trees ,Training and demonstrations
Chikwawa,Gonyo 1 ,borehole,No,NA,Underground Storage,NA,TRUE,TRUE,No,No,Lack of knowledge or training,NA,FALSE,Don't Know,Don't Know,By planting trees ,Training and demonstrations
Machinga,Chisonga,borehole,No,NA,Underground Storage,TRUE,FALSE,TRUE,Yes,No,Cannot afford storage materials,NA,TRUE,TRUE,TRUE,Planting trees ,Training and demonstrations
Machinga,Chisonga ,borehole,No,NA,Underground Storage,TRUE,FALSE,TRUE,Yes,No,Cannot afford storage materials,NA,TRUE,TRUE,TRUE,Planting trees ,Training and demonstrations
Machinga,Chisonga,borehole,No,NA,Underground Storage,TRUE,FALSE,TRUE,Yes,No,Cannot afford storage materials,NA,TRUE,TRUE,TRUE,Planting trees ,Training and demonstrations
Machinga,Chisonga,borehole,No,NA,Underground Storage,TRUE,FALSE,TRUE,Yes,No,Cannot afford storage materials,NA,TRUE,TRUE,TRUE,Planting trees ,Training and demonstrations
Machinga,Chisonga,borehole,No,NA,Underground Storage,TRUE,FALSE,TRUE,Yes,No,Cannot afford storage materials,NA,TRUE,TRUE,TRUE,Planting trees ,Training and demonstrations
Machinga,Chisonga ,borehole,No,NA,Underground Storage,TRUE,FALSE,TRUE,Yes,No,Cannot afford storage materials,NA,TRUE,TRUE,TRUE,Planting trees ,Training and demonstrations
Machinga,Mang'anda ,borehole,No,NA,Underground Storage,TRUE,FALSE,TRUE,Yes,No,Cannot afford storage materials,NA,TRUE,TRUE,TRUE,Planting trees ,Training and demonstrations
Chikwawa,Mphungu ,borehole,Yes,"November, December, October",Underground Storage,FALSE,TRUE,TRUE,Yes,No,Negative perception/doesn’t seem worthwhile,NA,FALSE,FALSE,Don't Know,By planting more trees in a large catchment that needs to be conserved to over a decade ,Training and demonstrations
Chikwawa,Mphungu ,borehole,Yes,"October, November, December",God ,NA,TRUE,TRUE,NA,Yes,NA,Washing/Cleaning,Don't Know,FALSE,FALSE,By planting trees reduces run off hence increases soak water down ,"Training and demonstrations, Community by-laws or encouragement"
Chikwawa,Mphungu ,borehole,Yes,"September, October, November, December",Underground Storage,NA,TRUE,TRUE,Yes,No,Negative perception/doesn’t seem worthwhile,NA,Don't Know,FALSE,FALSE,By planting trees ,Training and demonstrations
Chikwawa,Mphungu ,borehole,No,NA,God ,NA,TRUE,TRUE,NA,No,Lack of knowledge or training,NA,TRUE,FALSE,FALSE,By planting more trees ,Training and demonstrations
Chikwawa,Mphungu ,borehole,No,NA,Underground Storage,FALSE,TRUE,TRUE,Yes,No,Labour/time required is too much,NA,Don't Know,FALSE,TRUE,Planting more trees in large scale land ,Training and demonstrations
Chikwawa,Mphungu ,borehole,No,NA,God ,FALSE,NA,TRUE,NA,No,Lack of knowledge or training,NA,FALSE,Don't Know,Don't Know,Through conserving the land ,Training and demonstrations
Chikwawa,Kulima,borehole,Yes,"November, October",God ,FALSE,FALSE,FALSE,NA,No,Lack of knowledge or training,NA,FALSE,Don't Know,FALSE,By planting more trees ,Training and demonstrations
Chikwawa,Kulima ,borehole,Yes,"September, October, November, December",Underground Storage,FALSE,TRUE,TRUE,Yes,No,Negative perception/doesn’t seem worthwhile,NA,FALSE,FALSE,FALSE,Enforcement of laws that protect naturally resources like trees ,"Training and demonstrations, Community by-laws or encouragement"
Chikwawa,Kulima,borehole,No,NA,Underground Storage,FALSE,TRUE,TRUE,Yes,No,Labour/time required is too much,NA,FALSE,FALSE,FALSE,Mindset change behaviour among villagers. People should develop spirit of planting trees at household ,Training and demonstrations
Chikwawa,Kulima ,borehole,No,NA,Underground Storage,NA,FALSE,TRUE,Yes,No,Lack of knowledge or training,NA,TRUE,FALSE,FALSE,By planting trees ,Training and demonstrations
Chikwawa,Kulima ,borehole,No,NA,Underground Storage,NA,TRUE,TRUE,Yes,No,Negative perception/doesn’t seem worthwhile,NA,TRUE,FALSE,FALSE,By practicing better methods of farming like making swales and check dam on farm land ,Training and demonstrations
Chikwawa,Kulima ,borehole,No,NA,God ,NA,NA,TRUE,NA,No,Lack of knowledge or training,NA,FALSE,FALSE,FALSE,By conserving the environment ,Training and demonstrations
Chikwawa,Kulima ,borehole,No,NA,Underground Storage,FALSE,NA,TRUE,Yes,No,Lack of knowledge or training,NA,FALSE,FALSE,TRUE,By planting more trees ,Training and demonstrations
Chikwawa,Kulima ,borehole,No,NA,God ,TRUE,TRUE,TRUE,NA,Yes,NA,Washing/Cleaning,FALSE,FALSE,FALSE,By planting trees .,Training and demonstrations
Chikwawa,Chizenga ,piped_tap,No,NA,NA,NA,TRUE,FALSE,NA,Yes,NA,Washing/Cleaning,FALSE,FALSE,FALSE,By planting trees ,Training and demonstrations
Chikwawa,Kulima ,borehole,No,NA,Underground Storage,FALSE,TRUE,TRUE,Yes,No,Cannot afford storage materials,NA,FALSE,TRUE,FALSE,By conserving the land ,Training and demonstrations
Chikwawa,Mtembeta ,surface_water,Yes,"September, October, November, December",NA,FALSE,NA,TRUE,NA,No,Negative perception/doesn’t seem worthwhile,NA,FALSE,FALSE,FALSE,Through tree planting ,Training and demonstrations
Chikwawa,Chizenga ,piped_tap,No,NA,NA,NA,NA,TRUE,NA,No,Lack of knowledge or training,NA,FALSE,FALSE,Don't Know,By planting trees ,Training and demonstrations
Chikwawa,Chizenga ,piped_tap,No,NA,NA,FALSE,TRUE,TRUE,NA,No,Negative perception/doesn’t seem worthwhile,NA,FALSE,FALSE,FALSE,By conserving the environment ,Training and demonstrations
Chikwawa,Chizenga ,piped_tap,Yes,"June, July",NA,FALSE,FALSE,TRUE,NA,No,Negative perception/doesn’t seem worthwhile,NA,FALSE,FALSE,FALSE,By conserving the environment ,Training and demonstrations
Chikwawa,Sigaleti ,piped_tap,Yes,"November, October, September",NA,FALSE,FALSE,TRUE,NA,No,Negative perception/doesn’t seem worthwhile,NA,FALSE,FALSE,FALSE,By protecting environment right from water sources like hills as well as planting trees along river banks ,Community by-laws or encouragement
Chikwawa,Sigaleti ,piped_tap,Yes,"October, November, September",NA,NA,FALSE,FALSE,NA,Yes,NA,Washing/Cleaning,Don't Know,FALSE,FALSE,By plant trees ,Community by-laws or encouragement
Chikwawa,Sigaleti ,borehole,Yes,"October, November, December",God ,NA,TRUE,TRUE,NA,No,Negative perception/doesn’t seem worthwhile,NA,FALSE,FALSE,FALSE,By practicing better methods of farming like check dams construction in farm land ,"Community by-laws or encouragement, Training and demonstrations"
Chikwawa,Sigaleti ,borehole,Yes,"October, November, December",God ,NA,TRUE,FALSE,NA,No,Lack of knowledge or training,NA,Don't Know,Don't Know,Don't Know,By planting trees ,Training and demonstrations
Chikwawa,Sigaleti ,borehole,Yes,"September, October, November",God ,TRUE,FALSE,TRUE,NA,No,Lack of knowledge or training,NA,Don't Know,TRUE,FALSE,By conserving the land through planting more trees ,"Training and demonstrations, Community by-laws or encouragement"
Chikwawa,Sigaleti ,piped_tap,Yes,"September, October, November, December",NA,FALSE,TRUE,FALSE,NA,No,Negative perception/doesn’t seem worthwhile,NA,Don't Know,FALSE,FALSE,By conserving the environment around us,"Training and demonstrations, Community by-laws or encouragement"
Chikwawa,Sigaleti ,piped_tap,Yes,"January, September, October, November, December",NA,FALSE,FALSE,TRUE,NA,No,Negative perception/doesn’t seem worthwhile,NA,Don't Know,FALSE,FALSE,Planting trees and also putting laws of protecting the environment by not allowing anyone cut down trees.,Training and demonstrations
Chikwawa,Sigaleti ,piped_tap,No,NA,NA,NA,NA,TRUE,NA,No,Negative perception/doesn’t seem worthwhile,NA,Don't Know,FALSE,FALSE,By plant more trees in large catchment that needs to be taken care over years ,"Training and demonstrations, Community by-laws or encouragement"
Chikwawa,Chizenga ,piped_tap,Yes,"June, July",NA,NA,NA,TRUE,NA,No,Negative perception/doesn’t seem worthwhile,NA,Don't Know,FALSE,TRUE,By conserving the environment through tree planting ,Community by-laws or encouragement
Chikwawa,Chizenga ,piped_tap,Yes,"January, February, June, July",NA,NA,TRUE,FALSE,NA,No,Negative perception/doesn’t seem worthwhile,NA,TRUE,FALSE,FALSE,By conserving the land ,Training and demonstrations
Chikwawa,Chizenga ,piped_tap,Yes,"January, September, October, November",NA,TRUE,FALSE,TRUE,NA,No,Lack of knowledge or training,NA,Don't Know,Don't Know,Don't Know,By planting more trees in the area at the sametime putting laws to protect them ,Community by-laws or encouragement
Chikwawa,Chizenga ,piped_tap,No,NA,NA,NA,NA,NA,NA,No,Lack of knowledge or training,NA,Don't Know,Don't Know,Don't Know,By conserving the environment ,"Training and demonstrations, Community by-laws or encouragement"
Balaka,Chigonandowe,borehole,Yes,"August, September, November, October",Underground Storage,TRUE,FALSE,FALSE,Yes,Yes,NA,Washing/Cleaning,TRUE,TRUE,TRUE,Planting trees,"Subsidies or financial assistance, Community by-laws or encouragement"
Balaka,Chigonandowe,borehole,Yes,October,Underground Storage,TRUE,TRUE,FALSE,Don't know,No,Cannot afford storage materials,NA,TRUE,TRUE,TRUE,Don't know,"Labour support, Training and demonstrations"
Balaka,Chigonandowe,borehole,No,NA,Underground Storage,TRUE,NA,TRUE,Yes,Yes,NA,Irrigation/Gardening,Don't Know,FALSE,FALSE,Planting trees,Training and demonstrations
Balaka,Njira yagoma,borehole,Yes,November,Underground Storage,TRUE,FALSE,TRUE,No,No,Cannot afford storage materials,NA,TRUE,Don't Know,Don't Know,Don't know,"Training and demonstrations, Subsidies or financial assistance"
Balaka,Mkweya,shallow_well,Yes,"September, October, November",Underground Storage,TRUE,TRUE,TRUE,Don't know,No,Lack of knowledge or training,NA,Don't Know,TRUE,TRUE,High amount of rainfall per year can help to refill groundwater,Training and demonstrations
Balaka,Mkweya,shallow_well,Yes,"August, September, October",Underground Storage,TRUE,TRUE,TRUE,Don't know,No,Cannot afford storage materials,NA,TRUE,TRUE,TRUE,Making swallows,"Training and demonstrations, Subsidies or financial assistance, Labour support"
Balaka,Mkaweya,shallow_well,Yes,"September, October, November",Underground Storage,TRUE,FALSE,TRUE,Yes,Yes,NA,Irrigation/Gardening,TRUE,FALSE,FALSE,Yes by planting trees ,"Training and demonstrations, Subsidies or financial assistance"
Balaka,Mkweya,shallow_well,Yes,"October, November",Underground Storage,TRUE,FALSE,TRUE,Yes,Yes,NA,Irrigation/Gardening,TRUE,TRUE,FALSE,Planting trees ,"Training and demonstrations, Subsidies or financial assistance"
Balaka,Mkweya,borehole,No,NA,Underground Storage,TRUE,FALSE,TRUE,Yes,Yes,NA,Washing/Cleaning,TRUE,TRUE,FALSE,Planting more trees and vertiva ,"Training and demonstrations, Subsidies or financial assistance"
Balaka,Mkweya,borehole,No,NA,Underground Storage,TRUE,FALSE,TRUE,Yes,Yes,NA,Irrigation/Gardening,TRUE,FALSE,TRUE,Yes by constructing swale,"Training and demonstrations, Subsidies or financial assistance"
Balaka,Manjanja,borehole,No,NA,Underground Storage,TRUE,FALSE,TRUE,Yes,Yes,NA,Irrigation/Gardening,TRUE,FALSE,TRUE,Planting trees ,"Training and demonstrations, Subsidies or financial assistance"
Chikwawa,Manjanja,borehole,No,NA,Underground Storage,TRUE,TRUE,TRUE,Yes,Yes,NA,Irrigation/Gardening,TRUE,FALSE,FALSE,Planting trees ,"Training and demonstrations, Subsidies or financial assistance"
Balaka,Manjanja,borehole,No,NA,Underground Storage,TRUE,FALSE,TRUE,Yes,Yes,NA,Irrigation/Gardening,TRUE,TRUE,TRUE,Planting trees ,"Training and demonstrations, Subsidies or financial assistance"
Balaka,Manjanja,borehole,No,NA,Underground Storage,FALSE,TRUE,TRUE,Yes,Yes,NA,Irrigation/Gardening,TRUE,FALSE,TRUE,Planting trees ,"Training and demonstrations, Subsidies or financial assistance"
Balaka,Manjanja,borehole,No,NA,Underground Storage,TRUE,TRUE,TRUE,Yes,Yes,NA,Irrigation/Gardening,TRUE,FALSE,FALSE,Planting trees can help to ground water ,"Training and demonstrations, Subsidies or financial assistance"
Balaka,Manjanja,borehole,No,NA,Underground Storage,TRUE,TRUE,TRUE,Yes,Yes,NA,Irrigation/Gardening,TRUE,FALSE,FALSE,Planting trees ,"Training and demonstrations, Subsidies or financial assistance"
Balaka,Manjanja ,borehole,No,NA,Underground Storage,TRUE,FALSE,TRUE,Yes,Yes,NA,Irrigation/Gardening,TRUE,TRUE,TRUE,Planting trees and vertiva ,"Subsidies or financial assistance, Training and demonstrations"
Balaka,Manjanjq,borehole,No,NA,Underground Storage,TRUE,FALSE,TRUE,Yes,Yes,NA,Irrigation/Gardening,TRUE,TRUE,TRUE,Planting trees ,"Training and demonstrations, Subsidies or financial assistance"
Balaka,Manjanjq,borehole,No,NA,Underground Storage,TRUE,FALSE,TRUE,Yes,Yes,NA,Irrigation/Gardening,TRUE,FALSE,TRUE,Planting trees and vertiva ,"Training and demonstrations, Subsidies or financial assistance"
Balaka,Manjanja,borehole,No,NA,Underground Storage,TRUE,FALSE,TRUE,Yes,Yes,NA,Irrigation/Gardening,TRUE,FALSE,FALSE,Planting trees and vertiva grass,"Training and demonstrations, Subsidies or financial assistance, Community by-laws or encouragement"
Balaka,Manjanja,borehole,No,NA,Underground Storage,TRUE,FALSE,TRUE,Yes,Yes,NA,Irrigation/Gardening,TRUE,FALSE,FALSE,Planting trees ,"Training and demonstrations, Subsidies or financial assistance"
Balaka,Manjanja,borehole,No,NA,Underground Storage,TRUE,FALSE,TRUE,Yes,Yes,NA,Irrigation/Gardening,TRUE,TRUE,FALSE,Planting trees and vertiva ,"Subsidies or financial assistance, Training and demonstrations, Labour support"
Balaka,Manjanja ,borehole,No,NA,Don't Know,TRUE,TRUE,TRUE,NA,Yes,NA,Washing/Cleaning,TRUE,FALSE,FALSE,Planting trees ,"Training and demonstrations, Labour support, Subsidies or financial assistance"
Balaka,Manjanja,borehole,No,NA,Underground Storage,TRUE,FALSE,TRUE,Yes,Yes,NA,Irrigation/Gardening,TRUE,FALSE,FALSE,Planting trees ,"Training and demonstrations, Subsidies or financial assistance"
Balaka,Manjanja,borehole,No,NA,Underground Storage,TRUE,TRUE,TRUE,Yes,Yes,NA,Irrigation/Gardening,TRUE,FALSE,TRUE,Planting trees ,"Training and demonstrations, Subsidies or financial assistance"
Balaka,Manjanja,borehole,No,NA,Underground Storage,TRUE,FALSE,TRUE,Yes,Yes,NA,Irrigation/Gardening,TRUE,TRUE,TRUE,Planting trees ,"Training and demonstrations, Subsidies or financial assistance"
Balaka,Manjanja,borehole,No,NA,Underground Storage,TRUE,FALSE,TRUE,Yes,Yes,NA,Irrigation/Gardening,TRUE,TRUE,TRUE,Planting trees ,"Training and demonstrations, Subsidies or financial assistance"
Balaka,Manjanja ,borehole,No,NA,Underground Storage,TRUE,FALSE,TRUE,Yes,Yes,NA,Irrigation/Gardening,TRUE,FALSE,TRUE,Planting ,"Training and demonstrations, Subsidies or financial assistance"
Balaka,Manjanja ,borehole,No,NA,Underground Storage,TRUE,FALSE,TRUE,Yes,Yes,NA,Irrigation/Gardening,TRUE,FALSE,TRUE,Planting trees ,"Subsidies or financial assistance, Training and demonstrations, Labour support"
Balaka,Manjanja ,borehole,No,NA,Underground Storage,TRUE,TRUE,TRUE,Yes,Yes,NA,Irrigation/Gardening,TRUE,FALSE,FALSE,Planting trees and swale construction ,"Training and demonstrations, Subsidies or financial assistance, Labour support"
Balaka,Mkweya,borehole,Yes,"October, August, September",Underground Storage,TRUE,TRUE,NA,Don't know,No,Cannot afford storage materials,NA,TRUE,TRUE,FALSE,Planting more trees to hold water when the rain come,"Training and demonstrations, Subsidies or financial assistance, Labour support"
Balaka,Mkweya,shallow_well,Yes,"August, September, October, November",Underground Storage,TRUE,TRUE,TRUE,Yes,No,Cannot afford storage materials,NA,TRUE,TRUE,TRUE,Only rainfall can refill ground water,"Labour support, Training and demonstrations"
Balaka,Mkweya ,borehole,Yes,"August, September, October, November",Underground Storage,TRUE,FALSE,NA,No,No,Believe rainfall is too unreliable,NA,TRUE,TRUE,TRUE,Planting trees,Training and demonstrations
Balaka,Kamkao,borehole,Yes,"October, November",Underground Storage,TRUE,NA,FALSE,No,No,Cannot afford storage materials,NA,TRUE,TRUE,TRUE,Don't know,Subsidies or financial assistance
Balaka,Kamkao,borehole,Yes,October,Underground Storage,TRUE,FALSE,NA,No,No,Lack of land or space,NA,TRUE,TRUE,TRUE,Planting trees,"Training and demonstrations, Subsidies or financial assistance"
Balaka,Kamkao,borehole,Yes,"October, November",Underground Storage,TRUE,TRUE,TRUE,No,Yes,NA,Irrigation/Gardening,TRUE,TRUE,TRUE,Rainfall,Training and demonstrations
Balaka,Kamkao,borehole,No,NA,Underground Storage,TRUE,FALSE,TRUE,No,No,Cannot afford storage materials,NA,TRUE,TRUE,FALSE,Making swallows,Training and demonstrations
Balaka,Kamkao,borehole,Yes,"November, October, September",Underground Storage,TRUE,FALSE,FALSE,Yes,Yes,NA,Irrigation/Gardening,TRUE,TRUE,TRUE,Planting trees,"Training and demonstrations, Subsidies or financial assistance, Community by-laws or encouragement"
Balaka,Kamkao,borehole,Yes,"August, September, October, November",Underground Storage,FALSE,TRUE,TRUE,Yes,Yes,NA,Washing/Cleaning,TRUE,TRUE,TRUE,Planting trees,"Subsidies or financial assistance, Training and demonstrations, Labour support"
Balaka,Kamkao,borehole,Yes,"September, November, October",Underground Storage,FALSE,NA,FALSE,No,Yes,NA,Irrigation/Gardening,TRUE,TRUE,TRUE,Don't know,Training and demonstrations
Balaka,Kamkao,borehole,Yes,"September, October, November",Underground Storage,TRUE,TRUE,TRUE,Yes,Yes,NA,Washing/Cleaning,TRUE,TRUE,FALSE,Rainfall,"Training and demonstrations, Subsidies or financial assistance"
Balaka,Kamkao,borehole,Yes,"September, October, November",Underground Storage,TRUE,TRUE,TRUE,Yes,Yes,NA,Irrigation/Gardening,TRUE,TRUE,TRUE,Planting trees,Training and demonstrations
Balaka,Kamkao,borehole,Yes,"October, November",Underground Storage,FALSE,TRUE,FALSE,Don't know,No,Cannot afford storage materials,NA,FALSE,TRUE,Don't Know,Making swallows,"Training and demonstrations, Labour support"
Balaka,Kamkao,borehole,No,NA,Underground Storage,TRUE,FALSE,NA,Don't know,No,Lack of knowledge or training,NA,FALSE,FALSE,FALSE,Don't know,"Community by-laws or encouragement, Subsidies or financial assistance, Training and demonstrations, Labour support"
Balaka,Kamkao,borehole,Yes,"October, September, November",Underground Storage,TRUE,NA,FALSE,Yes,Yes,NA,Irrigation/Gardening,Don't Know,FALSE,TRUE,Don't know,Training and demonstrations
Balaka,Kamkao,borehole,Yes,"August, October, September",Underground Storage,NA,TRUE,TRUE,No,No,Lack of knowledge or training,NA,TRUE,TRUE,Don't Know,Rainfall,"Training and demonstrations, Labour support, Subsidies or financial assistance"
Balaka,Kamkao,borehole,Yes,"August, October, September",Underground Storage,TRUE,FALSE,NA,Don't know,Yes,NA,Washing/Cleaning,FALSE,TRUE,TRUE,Making swallows,Training and demonstrations
Balaka,Kamkao ,borehole,Yes,"September, August, October, November",Underground Storage,TRUE,TRUE,FALSE,Yes,Yes,NA,Irrigation/Gardening,TRUE,TRUE,TRUE,Don't know,Training and demonstrations
Balaka,Kamkao,borehole,Yes,"August, October, November, September",Underground Storage,TRUE,FALSE,TRUE,No,Yes,NA,Irrigation/Gardening,FALSE,Don't Know,TRUE,Planting trees,"Training and demonstrations, Subsidies or financial assistance, Labour support"
Balaka,Kamkao,borehole,Yes,"September, October, November",Underground Storage,TRUE,TRUE,FALSE,Yes,No,Cannot afford storage materials,NA,TRUE,FALSE,FALSE,Planting trees,"Training and demonstrations, Subsidies or financial assistance, Other (please specify)"
Balaka,Kamkao ,borehole,Yes,"September, October, November",Underground Storage,TRUE,TRUE,TRUE,Don't know,Yes,NA,Irrigation/Gardening,TRUE,FALSE,FALSE,Don't know,Training and demonstrations
Balaka,Mkweya,borehole,Yes,"October, November",Underground Storage,TRUE,TRUE,TRUE,No,No,Believe rainfall is too unreliable,NA,TRUE,TRUE,TRUE,Planting trees,"Training and demonstrations, Subsidies or financial assistance"
Balaka,Kamkao,borehole,Yes,"August, September, October",Underground Storage,TRUE,FALSE,TRUE,Yes,No,Cannot afford storage materials,NA,TRUE,FALSE,FALSE,Making swallows,"Training and demonstrations, Subsidies or financial assistance"
Balaka,Kamkao,borehole,Yes,"January, October, November",Underground Storage,TRUE,TRUE,TRUE,Yes,Yes,NA,Washing/Cleaning,TRUE,TRUE,TRUE,Don't know,"Training and demonstrations, Subsidies or financial assistance"
Balaka,Kamkao ,borehole,Yes,"September, October, November, August",Underground Storage,TRUE,TRUE,TRUE,Yes,Yes,NA,Irrigation/Gardening,TRUE,TRUE,TRUE,Don't know,"Training and demonstrations, Labour support, Community by-laws or encouragement, Subsidies or financial assistance"
Balaka,Kamkao,borehole,Yes,"August, September, November, October",Underground Storage,TRUE,FALSE,TRUE,Yes,Yes,NA,Irrigation/Gardening,TRUE,TRUE,Don't Know,Planting trees,Training and demonstrations
Balaka,Chigonandowe,borehole,Yes,"October, September",Underground Storage,TRUE,TRUE,TRUE,Yes,Yes,NA,Washing/Cleaning,TRUE,FALSE,FALSE,Planting trees,"Training and demonstrations, Subsidies or financial assistance"
Balaka,Phalula,borehole,Yes,"September, October",Underground Storage,TRUE,FALSE,TRUE,Yes,Yes,NA,Washing/Cleaning,TRUE,FALSE,FALSE,Planting trees,"Training and demonstrations, Subsidies or financial assistance, Community by-laws or encouragement"
Balaka,Manjaja,borehole,No,NA,Underground Storage,TRUE,FALSE,TRUE,No,Yes,NA,Irrigation/Gardening,TRUE,FALSE,TRUE,Planting trees ,"Training and demonstrations, Subsidies or financial assistance"
Balaka,Kunyalani,borehole,Yes,"November, October, September, August",Underground Storage,TRUE,FALSE,TRUE,Yes,Yes,NA,Irrigation/Gardening,TRUE,FALSE,FALSE,Planting trees ,"Training and demonstrations, Subsidies or financial assistance"
Balaka,Kunyalani,borehole,No,NA,Underground Storage,TRUE,FALSE,TRUE,Yes,Yes,NA,Irrigation/Gardening,TRUE,FALSE,FALSE,Planting trees ,"Training and demonstrations, Subsidies or financial assistance"
Balaka,Kunyalani ,borehole,No,NA,Underground Storage,TRUE,FALSE,TRUE,Yes,Yes,NA,Washing/Cleaning,TRUE,TRUE,FALSE,Planting trees ,"Training and demonstrations, Subsidies or financial assistance"
Balaka,Manjanja,borehole,No,NA,Underground Storage,TRUE,FALSE,TRUE,Yes,Yes,NA,Washing/Cleaning,TRUE,TRUE,TRUE,Planting trees ,"Subsidies or financial assistance, Training and demonstrations, Labour support"
Machinga,Chisonga,borehole,No,NA,Underground Storage,TRUE,FALSE,FALSE,No,Yes,NA,Drinking/Cooking,FALSE,TRUE,TRUE,Don't know ,"Training and demonstrations, Subsidies or financial assistance"
Machinga,Njete ,borehole,No,NA,Don't Know,TRUE,NA,NA,NA,Yes,NA,Drinking/Cooking,FALSE,FALSE,Don't Know,I Don't know ,"Training and demonstrations, Subsidies or financial assistance, Labour support"
Machinga,Kalolo,borehole,No,NA,God ,FALSE,TRUE,TRUE,NA,Yes,NA,Drinking/Cooking,TRUE,TRUE,TRUE,Contour ridges,Training and demonstrations
Machinga,Chipile,shallow_well,Yes,"September, October, November, December",God ,FALSE,NA,NA,NA,No,Cannot afford storage materials,NA,FALSE,FALSE,Don't Know,Don't know ,Training and demonstrations
Machinga,Chipile,shallow_well,Yes,"September, October, November, December",God ,NA,NA,NA,NA,No,Other (please specify),NA,Don't Know,Don't Know,FALSE,Don't know ,"Community by-laws or encouragement, Training and demonstrations"
Machinga,Manduwasa,piped_tap,No,NA,NA,FALSE,FALSE,TRUE,NA,No,Cannot afford storage materials,NA,TRUE,FALSE,FALSE,Planting trees,"Training and demonstrations, Community by-laws or encouragement"
Machinga,Manduwasa,piped_tap,No,NA,NA,TRUE,FALSE,FALSE,NA,No,Lack of knowledge or training,NA,FALSE,FALSE,FALSE,Planting trees,"Training and demonstrations, Subsidies or financial assistance"
Machinga,Manduwasa,piped_tap,No,NA,NA,FALSE,FALSE,FALSE,NA,No,Cannot afford storage materials,NA,FALSE,FALSE,Don't Know,I don't know ,"Training and demonstrations, Subsidies or financial assistance"
Machinga,Manduwasa,piped_tap,No,NA,NA,NA,NA,FALSE,NA,Yes,NA,Drinking/Cooking,FALSE,FALSE,Don't Know,I don't know ,"Training and demonstrations, Subsidies or financial assistance"
Machinga,Manduwasa,piped_tap,No,NA,NA,NA,NA,TRUE,NA,No,Lack of knowledge or training,NA,TRUE,FALSE,Don't Know,I don't know,"Training and demonstrations, Subsidies or financial assistance"
Machinga,Manduwasa,piped_tap,No,NA,NA,FALSE,FALSE,FALSE,NA,Yes,NA,Washing/Cleaning,TRUE,TRUE,FALSE,Ground water can't be refilled ,"Training and demonstrations, Community by-laws or encouragement"
Machinga,Manduwasa,piped_tap,No,NA,NA,FALSE,FALSE,FALSE,NA,No,Negative perception/doesn’t seem worthwhile,NA,FALSE,FALSE,Don't Know,Ground water refills naturally ,Subsidies or financial assistance
Machinga,Manduwasa,piped_tap,No,NA,NA,FALSE,NA,FALSE,NA,Yes,NA,Irrigation/Gardening,Don't Know,Don't Know,FALSE,I don't know ,Labour support
Machinga,Manduwasa,borehole,No,NA,Underground Storage,FALSE,FALSE,FALSE,Don't know,No,Labour/time required is too much,NA,TRUE,TRUE,Don't Know,Planting more trees ,Labour support
Machinga,Manduwasa,piped_tap,No,NA,NA,TRUE,NA,FALSE,NA,No,Lack of knowledge or training,NA,FALSE,FALSE,Don't Know,Planting trees ,Labour support
Machinga,Manduwasa,piped_tap,No,NA,NA,TRUE,TRUE,TRUE,NA,Yes,NA,Drinking/Cooking,TRUE,TRUE,TRUE,I don't know ,"Training and demonstrations, Subsidies or financial assistance"
Machinga,Manduwasa,piped_tap,No,NA,NA,FALSE,FALSE,FALSE,NA,No,Lack of land or space,NA,FALSE,FALSE,Don't Know,I don't know,Training and demonstrations
Machinga,Manduwasa,borehole,No,NA,Underground Storage,FALSE,FALSE,FALSE,Don't know,Yes,NA,Drinking/Cooking,FALSE,FALSE,Don't Know,I don't know ,"Training and demonstrations, Labour support"
Machinga,Manduwasa,piped_tap,No,NA,NA,TRUE,TRUE,TRUE,NA,Yes,NA,Drinking/Cooking,Don't Know,Don't Know,FALSE,I don't know,Community by-laws or encouragement
Machinga,Manduwasa,borehole,No,NA,God ,FALSE,NA,NA,NA,No,Cannot afford storage materials,NA,FALSE,Don't Know,Don't Know,I don't know ,Community by-laws or encouragement
Machinga,Manduwasa,shallow_well,Yes,"October, November, December",Don't Know,FALSE,NA,FALSE,NA,Yes,NA,Washing/Cleaning,Don't Know,Don't Know,Don't Know,I don't know ,Training and demonstrations
Machinga,Chamba,borehole,No,NA,Underground Storage,FALSE,NA,NA,Don't know,No,Lack of knowledge or training,NA,Don't Know,Don't Know,Don't Know,I don't know ,Training and demonstrations
Machinga,Chabwera,borehole,No,NA,Underground Storage,NA,NA,FALSE,No,No,Cannot afford storage materials,NA,Don't Know,Don't Know,Don't Know,I don't know ,Training and demonstrations
Machinga,Chabwera,borehole,No,NA,God ,FALSE,FALSE,NA,NA,No,Cannot afford storage materials,NA,FALSE,Don't Know,FALSE,I don't know ,Training and demonstrations
Machinga,Chiipile,borehole,No,NA,Don't Know,NA,FALSE,FALSE,NA,Yes,NA,Washing/Cleaning,Don't Know,FALSE,Don't Know,Conserving catchment ,Training and demonstrations
Machinga,Chipile,borehole,No,NA,Underground Storage,FALSE,FALSE,NA,Don't know,No,Lack of knowledge or training,NA,FALSE,FALSE,FALSE,Natural regeneration practices,"Training and demonstrations, Community by-laws or encouragement"
Machinga,Chipile,borehole,No,NA,Underground Storage,FALSE,TRUE,FALSE,Yes,Yes,NA,Irrigation/Gardening,FALSE,TRUE,TRUE,Natural regeneration practices ,"Subsidies or financial assistance, Training and demonstrations"
Machinga,Chipile,borehole,No,NA,Rain,FALSE,FALSE,TRUE,NA,Yes,NA,Drinking/Cooking,FALSE,FALSE,Don't Know,I don't know ,"Subsidies or financial assistance, Training and demonstrations"
Machinga,Chipile,shallow_well,Yes,"October, September, November, December",Rain,FALSE,TRUE,FALSE,NA,No,Lack of knowledge or training,NA,Don't Know,FALSE,Don't Know,I don't know ,"Labour support, Community by-laws or encouragement"
Machinga,Chipile,shallow_well,Yes,"October, September, November, December",Underground Storage,NA,FALSE,NA,Don't know,Yes,NA,Irrigation/Gardening,FALSE,FALSE,Don't Know,I don't know,Community by-laws or encouragement
Balaka,Chigonandowe,borehole,Yes,"August, September, October, November",Underground Storage,NA,TRUE,TRUE,NA,No,Lack of land or space,NA,TRUE,TRUE,FALSE,Planting treea,Subsidies or financial assistance
Machinga,Chisanga,borehole,NA,NA,Underground Storage,TRUE,FALSE,TRUE,Yes,No,Cannot afford storage materials,NA,TRUE,TRUE,TRUE,Planting trees ,Training and demonstrations
Machinga,Mitawa,borehole,No,NA,Underground Storage,TRUE,FALSE,FALSE,No,No,Cannot afford storage materials,NA,TRUE,TRUE,TRUE,I don't know ,Training and demonstrations
